movieCd,movieNm,movieNmEn,prdtYear,openDt,typeNm,prdtStatNm,nationAlt,genreAlt,repNationNm,repGenreNm,directors,companys
20184678,배반의 장미,Too Hot to Die,2018.0,20181018,장편,개봉,한국,코미디,한국,코미디,[{'peopleNm': '박진영'}],"[{'companyCd': '20100947', 'companyNm': '(주)태원엔터테인먼트'}]"
20174442,뷰티풀 데이즈,Beautiful Days,2018.0,20181121,장편,개봉,"한국,프랑스",드라마,한국,드라마,[{'peopleNm': '윤재호'}],"[{'companyCd': '20101149', 'companyNm': '(주)페퍼민트앤컴퍼니'}]"
20168766,종이 비행기,Paper Planes,2016.0,20180131,장편,개봉,한국,드라마,한국,드라마,"[{'peopleNm': '노홍식'}, {'peopleNm': '필동'}]","[{'companyCd': '20112272', 'companyNm': '(주)파란프로덕션'}]"
20182466,퀴어영화 뷰티풀,QUEER MOVIE Beautiful,2018.0,20181006,장편,개봉,한국,"멜로/로맨스,코미디",한국,멜로/로맨스,[{'peopleNm': '백인규'}],"[{'companyCd': '20140513', 'companyNm': '99film'}]"
20177981,밤치기,Hit the Night,2017.0,20181101,장편,개봉,한국,멜로/로맨스,한국,멜로/로맨스,[{'peopleNm': '정가영'}],"[{'companyCd': '20175761', 'companyNm': '(주)레진엔터테인먼트'}]"
20177538,완벽한 타인,Intimate Strangers,2018.0,20181031,장편,개봉,한국,"드라마,코미디",한국,드라마,[{'peopleNm': '이재규'}],"[{'companyCd': '20155211', 'companyNm': '(주)필름몬스터'}, {'companyCd': '20062690', 'companyNm': '드라마하우스(주)'}]"
20154762,천당의 밤과 안개,Night and Fog in Zona,2017.0,20181129,장편,개봉,한국,다큐멘터리,한국,다큐멘터리,[{'peopleNm': '정성일'}],"[{'companyCd': '20157950', 'companyNm': '영화사 키노(주)'}]"
20187142,카메라를 멈추면 안 돼!,One Cut of the Dead,2017.0,20180823,장편,개봉,일본,"공포(호러),코미디",일본,공포(호러),[{'peopleNm': '우에다 신이치로'}],[]
20171681,박화영,Park Hwa-young,2018.0,20180719,장편,개봉,한국,드라마,한국,드라마,[{'peopleNm': '이환'}],"[{'companyCd': '20168488', 'companyNm': '명필름랩'}]"
20184101,여중생A,Student A,2018.0,20180620,장편,개봉,한국,드라마,한국,드라마,[{'peopleNm': '이경섭'}],"[{'companyCd': '20122736', 'companyNm': '(주)영화사울림'}, {'companyCd': '20188201', 'companyNm': '네이버웹툰 주식회사'}]"
20179383,독전,Believer,2017.0,20180522,장편,개봉,한국,"범죄,액션",한국,범죄,[{'peopleNm': '이해영'}],"[{'companyCd': '20137896', 'companyNm': '(주)용필름'}]"
20175930,피의 연대기,For Vagina’s Sake,2017.0,20180118,장편,개봉,한국,다큐멘터리,한국,다큐멘터리,[{'peopleNm': '김보람'}],[]
20189281,폴란드로 간 아이들,The Children Gone to Poland,2018.0,20181031,장편,개봉,한국,"다큐멘터리,드라마",한국,다큐멘터리,[{'peopleNm': '추상미'}],"[{'companyCd': '20189383', 'companyNm': '보아스필름 '}]"
20172388,집의 시간들,A Long Farewell,2018.0,20181025,장편,개봉,한국,다큐멘터리,한국,다큐멘터리,[{'peopleNm': '라야'}],[]
20184642,어른이 되면,Grown Up,2018.0,20181213,장편,개봉,한국,다큐멘터리,한국,다큐멘터리,[{'peopleNm': '장혜영'}],[]
20173962,소공녀,Microhabitat,2017.0,20180322,장편,개봉,한국,"멜로/로맨스,드라마",한국,멜로/로맨스,[{'peopleNm': '전고운'}],"[{'companyCd': '20126116', 'companyNm': '광화문시네마'}, {'companyCd': '20176244', 'companyNm': '(주)모토'}]"
20182065,대관람차,The Goose Goes South,2018.0,20180830,장편,개봉,한국,드라마,한국,드라마,"[{'peopleNm': '백재호'}, {'peopleNm': '이희섭'}]","[{'companyCd': '20187781', 'companyNm': '우주레이블'}]"
20188824,60일의 썸머,60 Day of Summer,2017.0,20181025,장편,개봉,한국,드라마,한국,드라마,[{'peopleNm': '김희영'}],"[{'companyCd': '20062094', 'companyNm': '(주)한영씨앤텍'}]"
20170513,동네사람들,Ordinary People,2018.0,20181107,장편,개봉,한국,"액션,스릴러",한국,액션,[{'peopleNm': '임진순'}],"[{'companyCd': '20154208', 'companyNm': '(주)데이드림'}]"
20180804,곤지암,GONJIAM: Haunted Asylum,2017.0,20180328,장편,개봉,한국,"공포(호러),스릴러",한국,공포(호러),[{'peopleNm': '정범식'}],"[{'companyCd': '2016841', 'companyNm': '(주)하이브미디어코프'}]"
20184132,"세라비, 이것이 인생!",C'est la vie!,2017.0,20180530,장편,개봉,프랑스,코미디,프랑스,코미디,"[{'peopleNm': '올리비에르 나카체'}, {'peopleNm': '에릭 토레다노'}]",[]
20180744,스키타이: 불멸의 전사,THE SCYTHIAN,2017.0,20180920,장편,개봉,러시아,"액션,드라마,판타지",러시아,액션,[{'peopleNm': '러스탐 모사피르'}],[]
20188382,세일즈맨의 전설,China Salesman,2017.0,20180823,장편,개봉,중국,"액션,드라마,전쟁",중국,액션,[{'peopleNm': '단빙'}],[]
20179229,삼생삼세 십리도화,Once Upon a Time,2017.0,20180118,장편,개봉,중국,"판타지,멜로/로맨스,액션",중국,판타지,[{'peopleNm': '자오 샤오딩'}],[]
20174244,버블 패밀리,Family in the Bubble,2017.0,20181220,장편,개봉,한국,"다큐멘터리,가족",한국,다큐멘터리,[{'peopleNm': '마민지'}],"[{'companyCd': '20188342', 'companyNm': '쌍마픽처스'}]"
20188242,타샤 튜더,Tasha Tudor: A Still Water Story,2017.0,20180913,장편,개봉,일본,다큐멘터리,일본,다큐멘터리,[{'peopleNm': '마츠타니 미츠에'}],[]
20184541,2017 동명이인 프로젝트,two person at the same town,2017.0,20180525,옴니버스,개봉,한국,기타,한국,기타,[{'peopleNm': '이경원'}],"[{'companyCd': '20188941', 'companyNm': '올드웨일'}]"
20175547,스윙키즈,Swing Kids,2018.0,20181219,장편,개봉,한국,드라마,한국,드라마,[{'peopleNm': '강형철'}],"[{'companyCd': '20138660', 'companyNm': '(주)안나푸르나필름'}]"
20179101,공작,The Spy Gone North,2017.0,20180808,장편,개봉,한국,드라마,한국,드라마,[{'peopleNm': '윤종빈'}],"[{'companyCd': '20126515', 'companyNm': '(주)영화사 월광'}, {'companyCd': '20122737', 'companyNm': '(주)사나이픽처스'}]"
20189869,해피 투게더,Happy Together,2018.0,20181115,장편,개봉,한국,"드라마,코미디",한국,드라마,[{'peopleNm': '김정환'}],"[{'companyCd': '20189463', 'companyNm': '(주)골든스토리픽처스'}]"
20186501,극장판 헬로카봇 : 백악기 시대,Hello Carbot the Movie: The Cretaceous Period,2018.0,20180801,장편,개봉,한국,애니메이션,한국,애니메이션,"[{'peopleNm': '최신규'}, {'peopleNm': '김진철'}]","[{'companyCd': '20141337', 'companyNm': '(주)초이락컨텐츠팩토리'}]"
20170658,PMC: 더 벙커,Take Point,2018.0,20181226,장편,개봉,한국,액션,한국,액션,[{'peopleNm': '김병우'}],"[{'companyCd': '20140593', 'companyNm': '(주)퍼펙트스톰필름'}]"
20183130,걸스 스텝,Girls Step ,2015.0,20180516,장편,개봉,일본,드라마,일본,드라마,[{'peopleNm': '카와무라 타이스케'}],[]
20179230,도어락,Door Lock,2018.0,20181205,장편,개봉,한국,"스릴러,드라마",한국,스릴러,[{'peopleNm': '이권'}],"[{'companyCd': '20175163', 'companyNm': '(주)영화사피어나'}]"
20174198,에델과 어니스트,Ethel & Ernest,2016.0,20180510,장편,개봉,"영국,룩셈부르크","애니메이션,드라마",영국,애니메이션,[{'peopleNm': '로저 메인우드'}],[]
20175215,저니스 엔드,Journey's End,2017.0,20181128,장편,개봉,영국,"전쟁,드라마",영국,전쟁,[{'peopleNm': '사울 딥'}],[]
20183650,번개맨의 비밀,,2018.0,20181206,장편,개봉,한국,"가족,뮤지컬",한국,가족,[{'peopleNm': '강유선'}],"[{'companyCd': '20174241', 'companyNm': '힘컨텐츠(주)'}, {'companyCd': '20101784', 'companyNm': '한국교육방송공사 EBS'}]"
20172602,홈,HOME,2018.0,20180530,장편,개봉,한국,"가족,드라마",한국,가족,[{'peopleNm': '김종우'}],"[{'companyCd': '20141655', 'companyNm': '(주)아토'}, {'companyCd': '20169808', 'companyNm': '큐브이미지웍스'}]"
20172405,카운터스,Counters,2017.0,20180815,장편,개봉,한국,"다큐멘터리,액션",한국,다큐멘터리,[{'peopleNm': '이일하'}],"[{'companyCd': '20157748', 'companyNm': 'exposed film'}]"
20178190,"이,기적인 남자",MR. EGOTISTIC,2017.0,20181025,장편,개봉,한국,드라마,한국,드라마,[{'peopleNm': '김재식'}],"[{'companyCd': '20157408', 'companyNm': '브릿지 프로덕션'}]"
20182981,리벤져,Revenger,2018.0,20181206,장편,개봉,한국,액션,한국,액션,[{'peopleNm': '이승원'}],"[{'companyCd': '20123235', 'companyNm': '(주)그린피쉬'}]"
20165562,소녀의 세계,Fantasy of the Girls,2018.0,20181129,장편,개봉,한국,멜로/로맨스,한국,멜로/로맨스,[{'peopleNm': '안정민'}],"[{'companyCd': '20189781', 'companyNm': '(주)빅오픽쳐스'}, {'companyCd': '20189762', 'companyNm': '(주)날개엔터테인먼트'}]"
20178161,탐정: 리턴즈,The Accidental Detective 2: In Action,2018.0,20180613,장편,개봉,한국,"코미디,범죄",한국,코미디,[{'peopleNm': '이언희'}],"[{'companyCd': '20061727', 'companyNm': '(주)크리픽쳐스'}]"
20172626,노맨스랜드,NOMANSLAND,2017.0,20180718,옴니버스,개봉,한국,"코미디,미스터리,공포(호러),뮤지컬",한국,코미디,"[{'peopleNm': '박중하'}, {'peopleNm': '신지현'}, {'peopleNm': '김상혁'}, {'peopleNm': '지화자'}]","[{'companyCd': '20175682', 'companyNm': '영화사 유일무이'}]"
20181318,배드 사마리안,Bad Samaritan,2018.0,20181018,장편,개봉,미국,"스릴러,공포(호러)",미국,스릴러,[{'peopleNm': '딘 데블린'}],[]
20182648,조건아빠: 슈가대디,,2018.0,20181015,장편,개봉,한국,멜로/로맨스,한국,멜로/로맨스,[{'peopleNm': '한동호'}],"[{'companyCd': '20174841', 'companyNm': '(주)가온콘텐츠'}]"
20172469,허스토리,Herstory,2017.0,20180627,장편,개봉,한국,드라마,한국,드라마,[{'peopleNm': '민규동'}],"[{'companyCd': '20100340', 'companyNm': '(주)수필름'}]"
20168250,골든슬럼버,Golden Slumber,2017.0,20180214,장편,개봉,한국,"범죄,드라마",한국,범죄,[{'peopleNm': '노동석'}],"[{'companyCd': '20100450', 'companyNm': '영화사 집'}]"
20177552,국가부도의 날,Default,2018.0,20181128,장편,개봉,한국,드라마,한국,드라마,[{'peopleNm': '최국희'}],"[{'companyCd': '20100450', 'companyNm': '영화사 집'}]"
20185484,안나 카레니나,ANNA KARENINA,2018.0,20180629,장편,개봉,한국,뮤지컬,한국,뮤지컬,[{'peopleNm': '신예지'}],"[{'companyCd': '20176121', 'companyNm': '(주)비프로'}]"
20154908,7년의 밤,Seven Years of Night,2018.0,20180328,장편,개봉,한국,"스릴러,드라마",한국,스릴러,[{'peopleNm': '추창민'}],"[{'companyCd': '20101558', 'companyNm': '(주)바른손'}, {'companyCd': '20110854', 'companyNm': '씨제이이앤엠(주)'}]"
20182935,출국,Unfinished,2018.0,20181114,장편,개봉,한국,드라마,한국,드라마,[{'peopleNm': '노규엽'}],"[{'companyCd': '20141349', 'companyNm': '주식회사 디에스이이디'}]"
20186202,신과함께-인과 연,Along with the Gods: The Last 49 Days,2017.0,20180801,장편,개봉,한국,"판타지,드라마",한국,판타지,[{'peopleNm': '김용화'}],"[{'companyCd': '20100540', 'companyNm': '리얼라이즈픽쳐스(주)'}, {'companyCd': '20160941', 'companyNm': '(주)덱스터스튜디오'}]"
20177537,상류사회,High Society,2018.0,20180829,장편,개봉,한국,드라마,한국,드라마,[{'peopleNm': '변혁'}],"[{'companyCd': '2016841', 'companyNm': '(주)하이브미디어코프'}]"
20184139,인퀴지터: 엘도라도의 저주,City of Gold,2016.0,20181204,장편,개봉,미국,"어드벤처,스릴러",미국,어드벤처,[{'peopleNm': '해리 록'}],[]
20160501,두 번째 겨울,Second Winter,2016.0,20181227,장편,개봉,한국,드라마,한국,드라마,[{'peopleNm': '김의곤'}],"[{'companyCd': '20172921', 'companyNm': '초원필름'}]"
20184140,크리미널 체이스,Reprisal,2018.0,20181204,장편,개봉,미국,"액션,스릴러",미국,액션,[{'peopleNm': '브라이언 A 밀러'}],[]
20184464,데드 트리거,Dead Trigger,2017.0,20181214,장편,개봉,미국,액션,미국,액션,[{'peopleNm': '스콧 윈드하우저'}],[]
20174283,"1991, 봄",Courtesy to the Nation,2018.0,20181031,장편,개봉,한국,다큐멘터리,한국,다큐멘터리,[{'peopleNm': '권경원'}],"[{'companyCd': '20189261', 'companyNm': '(주)해밀픽쳐스'}]"
20181764,모어 댄 블루,More than Blue,2018.0,20181212,장편,개봉,대만,"멜로/로맨스,드라마",대만,멜로/로맨스,[{'peopleNm': '임효겸'}],[]
20183685,엘리엇과 산타 썰매단,Elliot the Littlest Reindeer,2018.0,20181212,장편,개봉,캐나다,"애니메이션,가족",캐나다,애니메이션,[{'peopleNm': '제니퍼 웨스트콧'}],[]
20174008,인어전설,Mermaid Unlimited,2016.0,20181115,장편,개봉,한국,"코미디,드라마",한국,코미디,[{'peopleNm': '오멸'}],"[{'companyCd': '20111381', 'companyNm': '주식회사 자파리필름'}]"
20177245,일진,,2017.0,20180315,장편,개봉,한국,액션,한국,액션,[{'peopleNm': '이수성'}],"[{'companyCd': '20063187', 'companyNm': '㈜리필름'}]"
20183050,번 더 스테이지: 더 무비,Burn the Stage: the Movie,2018.0,20181115,장편,개봉,한국,기타,한국,기타,[{'peopleNm': '박준수'}],"[{'companyCd': '20189763', 'companyNm': '빅히트 엔터테인먼트'}, {'companyCd': '20189561', 'companyNm': '(주)캠프엔터테인먼트'}]"
20184529,트와이스랜드,TWICELAND,2018.0,20181207,장편,개봉,한국,다큐멘터리,한국,다큐멘터리,[],"[{'companyCd': '20124416', 'companyNm': '(주)제이와이피엔터테인먼트'}]"
20174264,샘,Saem,2017.0,20181129,장편,개봉,한국,"멜로/로맨스,코미디,드라마",한국,멜로/로맨스,[{'peopleNm': '황규일'}],"[{'companyCd': '20176244', 'companyNm': '(주)모토'}]"
20183291,화씨 11/9: 트럼프의 시대,Fahrenheit 11/9,2018.0,20181122,장편,개봉,미국,다큐멘터리,미국,다큐멘터리,[{'peopleNm': '마이클 무어'}],[]
20183787,미스터 스마일,The Old Man and the Gun,2018.0,20181227,장편,개봉,미국,"드라마,멜로/로맨스",미국,드라마,[{'peopleNm': '데이빗 로워리'}],[]
20184573,건양강호: 운뢰검법의 비밀,Amorous Swordsman,2017.0,20181213,장편,개봉,중국,액션,중국,액션,[{'peopleNm': '장뢰'}],[]
20183063,박물관이 진짜 살아있다,Harvie and the Magic Museum,2017.0,20181108,장편,개봉,체코,"애니메이션,어드벤처,코미디",체코,애니메이션,"[{'peopleNm': '마틴 코틱'}, {'peopleNm': '이나 예블라니코바'}]",[]
20183505,인 디 아일,In The Aisles,2018.0,20181122,장편,개봉,독일,드라마,독일,드라마,[{'peopleNm': '토마스 스터버'}],[]
20182967,에스코바르,Loving Pablo,2017.0,20181115,장편,개봉,스페인,"범죄,액션",스페인,범죄,[{'peopleNm': '페르난도 레온 데 아라노아'}],[]
20184053,이차크의 행복한 바이올린,Itzhak,2017.0,20181220,장편,개봉,미국,다큐멘터리,미국,다큐멘터리,[{'peopleNm': '앨리슨 쉐르닉'}],[]
20181910,안개 속 소녀,The girl in the fog,2017.0,20181206,장편,개봉,이탈리아,"미스터리,스릴러",이탈리아,미스터리,[{'peopleNm': '도나토 카리시'}],[]
20184703,다잉,Dying,2017.0,20181227,장편,개봉,스페인,드라마,스페인,드라마,[{'peopleNm': '페르난도 프랑코'}],[]
20183845,메리 셸리: 프랑켄슈타인의 탄생,MARY SHELLEY,2017.0,20181220,장편,개봉,"미국,영국","드라마,멜로/로맨스",미국,드라마,[{'peopleNm': '하이파 알-만수르'}],[]
20182082,부탁 하나만 들어줘,A Simple Favor,2018.0,20181212,장편,개봉,미국,"스릴러,미스터리",미국,스릴러,[{'peopleNm': '폴 페이그'}],[]
20183073,베일리 어게인,A Dog's Purpose,2017.0,20181122,장편,개봉,미국,"어드벤처,드라마,코미디",미국,어드벤처,[{'peopleNm': '라세 할스트롬'}],[]
20183293,12피트,12 FEET DEEP,2016.0,20181108,장편,개봉,미국,스릴러,미국,스릴러,[{'peopleNm': '맷 에스카다리'}],[]
20183666,미스터 앤 미스터 대디,Ideal Home,2018.0,20181122,장편,개봉,미국,"코미디,드라마",미국,코미디,[{'peopleNm': '앤드류 플레밍'}],[]
20186822,너의 췌장을 먹고 싶어,I want to eat your pancreas,2018.0,20181115,장편,개봉,일본,"애니메이션,드라마",일본,애니메이션,[{'peopleNm': '우시지마 신이치로'}],[]
20181197,맥퀸,McQueen,2018.0,20181004,장편,개봉,영국,다큐멘터리,영국,다큐멘터리,"[{'peopleNm': '이안 보노트'}, {'peopleNm': '피터 에트귀'}]",[]
20182386,해피 댄싱,Finding your feet,2017.0,20181115,장편,개봉,영국,드라마,영국,드라마,[{'peopleNm': '리차드 론크레인'}],[]
20177461,너는 여기에 없었다,You Were Never Really Here,2017.0,20181004,장편,개봉,"프랑스,미국","드라마,미스터리,스릴러",프랑스,드라마,[{'peopleNm': '린 램지'}],[]
20183043,캡틴 샤키,Capt'n sharky,2017.0,20181122,장편,개봉,독일,"애니메이션,액션,어드벤처",독일,애니메이션,[{'peopleNm': '허버트 베일란드'}],[]
20181323,언더 더 트리,Under the tree,2017.0,20181108,장편,개봉,아이슬란드,"코미디,스릴러",아이슬란드,코미디,[{'peopleNm': '하프슈타인 군나르 지그라쏜'}],[]
20181669,윌리,Wheely,2018.0,20181025,장편,개봉,말레이시아,"애니메이션,어드벤처,코미디",말레이시아,애니메이션,[{'peopleNm': '칼 멘데스'}],[]
20181367,캡틴 스터비,Sgt. Stubby: An American Hero,2018.0,20181101,장편,개봉,"미국,아일랜드,프랑스,캐나다,영국","애니메이션,어드벤처,가족,전쟁",미국,애니메이션,[{'peopleNm': '리처드 라니'}],[]
20181310,필름스타 인 리버풀,Film Stars Don't Die in Liverpool,2017.0,20181025,장편,개봉,영국,"드라마,멜로/로맨스",영국,드라마,[{'peopleNm': '폴 맥기건'}],[]
20181803,더 파티,The Party,2017.0,20181220,장편,개봉,영국,"코미디,드라마",영국,코미디,[{'peopleNm': '샐리 포터'}],[]
20180929,"사랑, 스무살",Almost Friends,2018.0,20181025,장편,개봉,미국,"멜로/로맨스,코미디",미국,멜로/로맨스,[{'peopleNm': '제이크 골드버거'}],[]
20182745,초이스,The Choice,2016.0,20181108,장편,개봉,미국,"멜로/로맨스,드라마",미국,멜로/로맨스,[{'peopleNm': '로스 캐츠'}],[]
20181086,군산: 거위를 노래하다,Ode to the Goose,2018.0,20181108,장편,개봉,한국,드라마,한국,드라마,[{'peopleNm': '장률'}],"[{'companyCd': '20100933', 'companyNm': '(주)률필름'}, {'companyCd': '20156848', 'companyNm': '(주)백그림'}]"
20183495,리스펙트,Respect,2018.0,20181128,장편,개봉,한국,다큐멘터리,한국,다큐멘터리,[{'peopleNm': '심재희'}],"[{'companyCd': '20173921', 'companyNm': '라이브(주)'}]"
20162979,마담 B,Mrs.B. A North Korean Woman,2015.0,20181115,장편,개봉,"한국,프랑스",다큐멘터리,한국,다큐멘터리,[{'peopleNm': '윤재호'}],[]
20183390,다영씨,Hello Dayoung,2018.0,20181206,장편,개봉,한국,"드라마,코미디",한국,드라마,[{'peopleNm': '고봉수'}],"[{'companyCd': '20189602', 'companyNm': '고브로 필름'}]"
20180401,풀잎들,Grass,2017.0,20181025,장편,개봉,한국,드라마,한국,드라마,[{'peopleNm': '홍상수'}],"[{'companyCd': '20100332', 'companyNm': '(주)영화제작전원사 '}]"
20181142,늦여름,Passing Summer,2018.0,20181025,장편,개봉,한국,멜로/로맨스,한국,멜로/로맨스,[{'peopleNm': '조성규'}],"[{'companyCd': '20141039', 'companyNm': '하준사'}]"
20181876,"안녕, 나의 소녀 시절이여","Goodbye, My Girlhood",2018.0,20181212,장편,개봉,한국,다큐멘터리,한국,다큐멘터리,[{'peopleNm': '김한석'}],"[{'companyCd': '20114875', 'companyNm': 'KBS'}]"
20183785,점박이 한반도의 공룡2 : 새로운 낙원,,2018.0,20181225,장편,개봉,한국,애니메이션,한국,애니메이션,[{'peopleNm': '한상호'}],"[{'companyCd': '20112452', 'companyNm': '(주)드림써치C&C'}]"
20177005,레슬러,LOVE+SLING,2018.0,20180509,장편,개봉,한국,"드라마,코미디",한국,드라마,[{'peopleNm': '김대웅'}],"[{'companyCd': '20138660', 'companyNm': '(주)안나푸르나필름'}]"
20183006,더 넌: 수녀의 저주,Curse of the nun,2018.0,20181103,장편,개봉,미국,공포(호러),미국,공포(호러),[{'peopleNm': '아론 머티스'}],[]
20183375,극장판 포켓몬스터 모두의 이야기,Pokemon the Movie: The Power of Us,2018.0,20181219,장편,개봉,일본,애니메이션,일본,애니메이션,[{'peopleNm': '야지마 테츠오'}],[]
20183005,킬 존,Killing Joan,2018.0,20181104,장편,개봉,미국,액션,미국,액션,[{'peopleNm': '토드 바투'}],[]
20186281,범블비,Bumblebee,2018.0,20181225,장편,개봉,미국,"액션,어드벤처,SF",미국,액션,[{'peopleNm': '트래비스 나이트'}],[]
20184806,러빙 빈센트 : 비하인드 에디션,Loving Vincent : Behind Addition,2017.0,20181213,장편,개봉,영국,애니메이션,영국,애니메이션,"[{'peopleNm': '도로타 코비엘라'}, {'peopleNm': '휴 웰치맨'}]",[]
20182421,그린치,The Grinch,2018.0,20181219,장편,개봉,미국,"애니메이션,코미디",미국,애니메이션,[{'peopleNm': '스콧 모시어'}],[]
20183449,싸이코 킬러,Psycho Killer,2015.0,20181116,장편,개봉,미국,스릴러,미국,스릴러,[{'peopleNm': '네이선 올리버'}],[]
20182773,인생 후르츠,Life Is Fruity,2017.0,20181206,장편,개봉,일본,다큐멘터리,일본,다큐멘터리,[{'peopleNm': '켄시 후시하라'}],[]
20183238,스파이더맨: 뉴 유니버스,Spider-Man: Into the Spider-Verse,2018.0,20181212,장편,개봉,미국,"애니메이션,액션,가족",미국,애니메이션,"[{'peopleNm': '밥 퍼시케티'}, {'peopleNm': '피터 램지'}, {'peopleNm': '로드니 로스맨'}]",[]
20180290,아쿠아맨,AQUAMAN,2018.0,20181219,장편,개봉,"미국,호주",액션,미국,액션,[{'peopleNm': '제임스 완'}],[]
20185485,보헤미안 랩소디,Bohemian Rhapsody,2018.0,20181031,장편,개봉,미국,드라마,미국,드라마,[{'peopleNm': '브라이언 싱어'}],[]
20179006,여곡성,The Wrath,2018.0,20181108,장편,개봉,한국,"공포(호러),미스터리",한국,공포(호러),[{'peopleNm': '유영선'}],"[{'companyCd': '20157389', 'companyNm': '(주)발자국 공장'}]"
20173202,버닝,BURNING,2018.0,20180517,장편,개봉,한국,미스터리,한국,미스터리,[{'peopleNm': '이창동'}],"[{'companyCd': '20100787', 'companyNm': '파인하우스필름(주)'}, {'companyCd': '20100248', 'companyNm': '나우필름(주)'}]"
20183144,선종 무문관,,2016.0,20181213,장편,개봉,한국,드라마,한국,드라마,[{'peopleNm': '윤용진'}],[]
20184091,로마,ROMA,2018.0,20181212,장편,개봉,멕시코,드라마,멕시코,드라마,[{'peopleNm': '알폰소 쿠아론'}],[]
20185535,피치포크 살인사건,Pitchfork,2016.0,20181231,장편,개봉,미국,공포(호러),미국,공포(호러),[],[]
20184578,초대녀 2,,2018.0,20181228,장편,개봉,한국,멜로/로맨스,한국,멜로/로맨스,[{'peopleNm': '최우성'}],"[{'companyCd': '20169329', 'companyNm': '(주)컨텐츠 빌리지'}]"
20184871,하숙집 여주인의 목적-무삭제판,,2018.0,20181226,장편,개봉,한국,멜로/로맨스,한국,멜로/로맨스,[{'peopleNm': '이민'}],"[{'companyCd': '20063099', 'companyNm': '(주)케이알씨지'}]"
20185409,젊은 형수님들 (감독판),,2018.0,20181226,장편,개봉,한국,멜로/로맨스,한국,멜로/로맨스,[{'peopleNm': '강정훈'}],"[{'companyCd': '20112175', 'companyNm': '(주)소나무픽쳐스'}]"
20185408,장모님들 (감독판),,2018.0,20181226,장편,개봉,한국,멜로/로맨스,한국,멜로/로맨스,[{'peopleNm': '강정훈'}],"[{'companyCd': '20112175', 'companyNm': '(주)소나무픽쳐스'}]"
20185407,내 착한 새엄마,,2018.0,20181226,장편,개봉,한국,멜로/로맨스,한국,멜로/로맨스,[{'peopleNm': '이재금'}],"[{'companyCd': '20112175', 'companyNm': '(주)소나무픽쳐스'}]"
20183906,로빈 후드 리벨리언,ROBIN HOOD THE REBELLION,2018.0,20181225,장편,개봉,영국,"액션,어드벤처",영국,액션,[{'peopleNm': '니콜라스 윈터'}],[]
20184772,이벤트우먼,Sweep the Man Out,2012.0,20181221,장편,개봉,일본,,일본,,[{'peopleNm': '하뉴 켄지'}],[]
20184771,유흥1번가,Women and Money at Night,2017.0,20181221,장편,개봉,일본,,일본,,[{'peopleNm': '야마우치 다이스케'}],[]
20185128,아내의 욕정을 풀어준 편집장,,2017.0,20181221,장편,개봉,일본,,일본,,[{'peopleNm': '치바 다이스케'}],[]
20184589,처형의 유혹,,2018.0,20181220,장편,개봉,일본,멜로/로맨스,일본,멜로/로맨스,[{'peopleNm': '아사기리 키요시'}],[]
20182743,바이킹 데스티니,Viking Destiny,2018.0,20181220,장편,개봉,영국,액션,영국,액션,[{'peopleNm': '데이비드 L.G. 휴즈'}],[]
20183937,카운트다운: 쇼크웨이브,SHOCKWAVE: COUNTDOWN TO DISASTER,2017.0,20181219,장편,개봉,미국,액션,미국,액션,[{'peopleNm': '닉 라이온'}],[]
20184863,여선생2,,2018.0,20181218,장편,개봉,한국,코미디,한국,코미디,[{'peopleNm': '김대성'}],"[{'companyCd': '20136715', 'companyNm': '(주)영화사히트'}]"
20184984,하이재킹: 비상착륙,Last Flight,2014.0,20181218,장편,개봉,중국,"액션,스릴러,드라마",중국,액션,[{'peopleNm': '빈센트 저우'}],[]
20184734,친구엄마 2018 (무삭제),,2017.0,20181218,장편,개봉,한국,멜로/로맨스,한국,멜로/로맨스,[{'peopleNm': '이진명'}],"[{'companyCd': '20112175', 'companyNm': '(주)소나무픽쳐스'}]"
20184971,젊은 처제들 (감독판),,2018.0,20181218,장편,개봉,한국,멜로/로맨스,한국,멜로/로맨스,[{'peopleNm': '강정훈'}],"[{'companyCd': '20112175', 'companyNm': '(주)소나무픽쳐스'}]"
20184972,어린 새엄마들,,2018.0,20181218,장편,개봉,한국,멜로/로맨스,한국,멜로/로맨스,[{'peopleNm': '이정'}],"[{'companyCd': '20112175', 'companyNm': '(주)소나무픽쳐스'}]"
20184905,파란문 너머의 환상세계,Behind the Blue door,2016.0,20181217,장편,개봉,미국,"어드벤처,가족,판타지",미국,어드벤처,[],[]
20184899,지뢰,Stand,2016.0,20181217,장편,개봉,미국,"드라마,스릴러",미국,드라마,[],[]
20184906,인시디어스: 더 하우스,It Watches,2016.0,20181217,장편,개봉,미국,스릴러,미국,스릴러,[{'peopleNm': '데이브 파커'}],[]
20184900,에일리언 침공,Conspiracy Theory,2016.0,20181217,장편,개봉,미국,공포(호러),미국,공포(호러),[{'peopleNm': '제이크 메이어스'}],[]
20183148,매드 몰리,Molly,2017.0,20181214,장편,개봉,네덜란드,"SF,액션",네덜란드,SF,[{'peopleNm': '콜린다 봉거스'}],[]
20184764,다크 하트,Dark Hearts,2014.0,20181214,장편,개봉,미국,"스릴러,미스터리",미국,스릴러,[{'peopleNm': '루돌프 부이텐닥'}],[]
20184607,교회누나 무삭제판,,2018.0,20181214,장편,개봉,한국,"멜로/로맨스,드라마",한국,멜로/로맨스,[{'peopleNm': '에로핑'}],"[{'companyCd': '20187942', 'companyNm': '(주)엔트리미디어'}]"
20184273,사돈처녀,,2018.0,20181214,장편,개봉,한국,멜로/로맨스,한국,멜로/로맨스,[{'peopleNm': '김태수'}],"[{'companyCd': '20169329', 'companyNm': '(주)컨텐츠 빌리지'}]"
20183752,엘리스의 50가지 그림자,Darker Shades of Elise,2017.0,20181217,장편,개봉,영국,"스릴러,드라마,멜로/로맨스",영국,스릴러,[{'peopleNm': '제이미 웨스턴'}],[]
20184898,악마의 속삭임,Demon Tongue,2016.0,20181213,장편,개봉,미국,공포(호러),미국,공포(호러),[],[]
20184575,국가 성생활 관리위원회-무삭제판,,2018.0,20181213,장편,개봉,한국,멜로/로맨스,한국,멜로/로맨스,[{'peopleNm': '지산겸'}],"[{'companyCd': '20063099', 'companyNm': '(주)케이알씨지'}]"
20183259,섹스 시그널 : 옆집 총각과 일본 새댁,HOUSE WIFE'S YELLOW HANDKERCHIEF WAKANA NAO,2018.0,20181212,장편,개봉,일본,,일본,,[{'peopleNm': '마메자와 마메타로'}],[]
20184886,더 리프트,The Rift,2016.0,20181212,장편,개봉,기타,"SF,공포(호러),스릴러",기타,SF,[{'peopleNm': '데얀 제체비치'}],"[{'companyCd': '20100066', 'companyNm': '(주)모인그룹'}]"
20184570,우연한 정사,Passion,2016.0,20181209,장편,개봉,태국,멜로/로맨스,태국,멜로/로맨스,[{'peopleNm': '마우스 수와나'}],[]
20184605,"젊은 새댁, 옆집 오빠의 맛",The Secret of Young Wife,2018.0,20181207,장편,개봉,일본,드라마,일본,드라마,[{'peopleNm': '마스부치 가키토'}],[]
20184588,길들여진 가정교사 쾌락일기,Pleasure in Her Life,2018.0,20181207,장편,개봉,일본,드라마,일본,드라마,[{'peopleNm': '우스바시 스이'}],[]
20184812,그녀와 아줌마의 동거,,2018.0,20181207,장편,개봉,한국,,한국,,[{'peopleNm': '유강'}],"[{'companyCd': '20123227', 'companyNm': '(주)나우콘텐츠'}]"
20184702,아내의 엄마들,,2018.0,20181207,장편,개봉,한국,멜로/로맨스,한국,멜로/로맨스,[{'peopleNm': '이진'}],"[{'companyCd': '20112175', 'companyNm': '(주)소나무픽쳐스'}]"
20184729,두 엄마 2018 (감독판),,2018.0,20181207,장편,개봉,한국,멜로/로맨스,한국,멜로/로맨스,[{'peopleNm': '이진'}],"[{'companyCd': '20112175', 'companyNm': '(주)소나무픽쳐스'}]"
20184730,내 사촌 여동생들 (감독판),,2018.0,20181207,장편,개봉,한국,멜로/로맨스,한국,멜로/로맨스,[{'peopleNm': '강정훈'}],"[{'companyCd': '20112175', 'companyNm': '(주)소나무픽쳐스'}]"
20184733,마린: 배틀 엔젤,Straight & Narrow,2016.0,20181206,장편,개봉,미국,액션,미국,액션,[],[]
20184732,더 콜러,Caller ID,2018.0,20181206,장편,개봉,미국,공포(호러),미국,공포(호러),[],[]
20170001,아메리카 타운,America Town,2017.0,20181206,장편,개봉,한국,드라마,한국,드라마,[{'peopleNm': '전수일'}],"[{'companyCd': '20100018', 'companyNm': '(주)동녘필름'}]"
20183258,애송이 섹스 : 누나가 다 가르쳐 줄게,MOM'S FRIEND MAKOODA,2018.0,20181205,장편,개봉,일본,,일본,,[{'peopleNm': '카와이 조지'}],[]
20182144,친구엄마 2018,,2017.0,20181204,장편,개봉,한국,멜로/로맨스,한국,멜로/로맨스,[{'peopleNm': '이진명'}],"[{'companyCd': '20112175', 'companyNm': '(주)소나무픽쳐스'}]"
20184248,자매의교환섹스,,2018.0,20181204,장편,개봉,한국,멜로/로맨스,한국,멜로/로맨스,[{'peopleNm': '장두만'}],"[{'companyCd': '20173662', 'companyNm': '에이원 미디어'}]"
20177490,신데렐라, Cinderella ,2018.0,20181201,장편,개봉,미국,공연,미국,공연,[],[]
20183745,런닝맨 : 풀룰루의 역습,Running Man,2018.0,20181205,장편,개봉,한국,애니메이션,한국,애니메이션,[{'peopleNm': '윤준상'}],"[{'companyCd': '20141388', 'companyNm': '(주)로커스'}]"
20184531,콜드플레이: 헤드 풀 오브 드림스,Coldplay: A Head Full Of Dreams,2018.0,20181228,장편,개봉,영국,다큐멘터리,영국,다큐멘터리,[{'peopleNm': '매트 화이트크로스'}],[]
20185473,몽정기:꿈꿔오던 금단의 섹스,Iyarasiiyume,2016.0,20181231,장편,개봉,일본,"멜로/로맨스,드라마",일본,멜로/로맨스,[{'peopleNm': '후지모토 죠지'}],[]
20185474,남자를 원하는 음란 유부녀들,Nikusoykutuma,2016.0,20181231,장편,개봉,일본,"멜로/로맨스,드라마",일본,멜로/로맨스,[{'peopleNm': '후지모토 죠지'}],[]
20183014,짱,,2018.0,20181228,장편,개봉,한국,액션,한국,액션,[{'peopleNm': '송재덕'}],"[{'companyCd': '20154628', 'companyNm': '(주)영화사 사계절'}, {'companyCd': '20140745', 'companyNm': '펀펀한영화사'}]"
20185447,음란부인:아내의 내조,Ryoujyoku,2017.0,20181228,장편,개봉,일본,"멜로/로맨스,드라마",일본,멜로/로맨스,[{'peopleNm': '토미죠 타로'}],[]
20185125,엄마친구의맛,,2018.0,20181228,장편,개봉,한국,멜로/로맨스,한국,멜로/로맨스,[{'peopleNm': '정민용'}],"[{'companyCd': '20130184', 'companyNm': '스마일컨텐츠'}]"
20168773,마약왕,The Drug King,2017.0,20181219,장편,개봉,한국,"범죄,드라마",한국,범죄,[{'peopleNm': '우민호'}],"[{'companyCd': '2016841', 'companyNm': '(주)하이브미디어코프'}]"
20181673,밀애 : 착한 형수,,2018.0,20181227,장편,개봉,한국,멜로/로맨스,한국,멜로/로맨스,[{'peopleNm': '김부곤'}],"[{'companyCd': '20161021', 'companyNm': '(주)영화사가을'}]"
20189289,하나 빼고 완벽한 뉴욕 아파트,The Boy Downstairs,2017.0,20181227,장편,개봉,미국,"코미디,드라마,멜로/로맨스",미국,코미디,[{'peopleNm': '소피 브룩스'}],[]
20187651,악령의 캠핑카,The Toybox,2018.0,20181227,장편,개봉,미국,"공포(호러),스릴러",미국,공포(호러),[{'peopleNm': '톰 나이젤'}],[]
20177308,협상,THE NEGOTIATION,2018.0,20180919,장편,개봉,한국,범죄,한국,범죄,[{'peopleNm': '이종석'}],"[{'companyCd': '20100278', 'companyNm': '(주)제이케이필름'}, {'companyCd': '20188461', 'companyNm': '그리고픽처스'}, {'companyCd': '20110854', 'companyNm': '씨제이이앤엠(주)'}]"
20183386,나부야 나부야,Butterfly,2018.0,20180920,장편,개봉,한국,다큐멘터리,한국,다큐멘터리,[{'peopleNm': '최정우'}],[]
20184897,가정부 길들이기,,2018.0,20181226,장편,개봉,한국,멜로/로맨스,한국,멜로/로맨스,[{'peopleNm': '한동호'}],"[{'companyCd': '20174841', 'companyNm': '(주)가온콘텐츠'}]"
20185304,터져버린 변태 부인,Hutarino sextukusuhurendo,2017.0,20181222,장편,개봉,일본,"멜로/로맨스,드라마",일본,멜로/로맨스,[{'peopleNm': '나가에 타카미'}],[]
20185287,어린 신부 능욕기,Kaomisirihujyo2,2017.0,20181222,장편,개봉,일본,"멜로/로맨스,드라마",일본,멜로/로맨스,[{'peopleNm': '토미죠 타로'}],[]
20184765,자매의은밀한스와핑,,2018.0,20181221,장편,개봉,한국,멜로/로맨스,한국,멜로/로맨스,[{'peopleNm': '정민용'}],"[{'companyCd': '20130184', 'companyNm': '스마일컨텐츠'}]"
20183883,시니스터 스쿼드,SINISTER SQUAD,2016.0,20181216,장편,개봉,미국,"액션,판타지",미국,액션,[{'peopleNm': '제레미 M. 인맨'}],[]
20185145,드래곤 블레이드: 천장웅사,DRAGON BLADE,2015.0,20181220,장편,개봉,홍콩,"액션,드라마,어드벤처",홍콩,액션,[{'peopleNm': '이인항'}],[]
20177365,필동,Pil-dong,2018.0,20180809,장편,개봉,한국,판타지,한국,판타지,[{'peopleNm': '필동'}],"[{'companyCd': '20188482', 'companyNm': '레지스탕스 필름'}]"
20185170,헤픈 여자:섹파 구해요,Hurin[sukosiaisite],2016.0,20181220,장편,개봉,일본,"멜로/로맨스,드라마",일본,멜로/로맨스,[{'peopleNm': '후지모토 죠지'}],[]
20185176,젖은 가랑이:노인이 좋아요,MOUROJINSIKAAISENAI-2,2017.0,20181220,장편,개봉,일본,"멜로/로맨스,드라마",일본,멜로/로맨스,[{'peopleNm': '토미죠 타로'}],[]
20185173,정사:상사의 아내,Tumawosasiagemasu,2016.0,20181220,장편,개봉,일본,"멜로/로맨스,드라마",일본,멜로/로맨스,[{'peopleNm': '나가에 타카미'}],[]
20185172,의남매,Anitoimouto,2016.0,20181220,장편,개봉,일본,"멜로/로맨스,드라마",일본,멜로/로맨스,[{'peopleNm': '후지모토 죠지'}],[]
20185175,유부녀들:반항 후 신음,Innrannsextukusu,2016.0,20181220,장편,개봉,일본,"멜로/로맨스,드라마",일본,멜로/로맨스,[{'peopleNm': '나가에 타카미'}],[]
20185174,아내의 나쁜 섹스 무삭제판,Hurintumawomodose!,2017.0,20181220,장편,개봉,일본,"멜로/로맨스,드라마",일본,멜로/로맨스,[{'peopleNm': '나가에 타카미'}],[]
20134521,부다페스트 로큰롤,Made in Hungaria,2009.0,20181220,장편,개봉,헝가리,"뮤지컬,드라마",헝가리,뮤지컬,[{'peopleNm': '게르게이 포뇨'}],[]
20185169,누구라도 좋으니 넣어줘요,Daredemoiikara,2016.0,20181220,장편,개봉,일본,"멜로/로맨스,드라마",일본,멜로/로맨스,[{'peopleNm': '후지모토 죠지'}],[]
20183969,내 처제가 된 첫사랑,,2018.0,20181220,장편,개봉,한국,멜로/로맨스,한국,멜로/로맨스,[{'peopleNm': '김이슬'}],"[{'companyCd': '20161021', 'companyNm': '(주)영화사가을'}]"
20185171,구멍:촉촉히 준비된 여자들,Yoxtukyuuhumannoonna,2016.0,20181220,장편,개봉,일본,"멜로/로맨스,드라마",일본,멜로/로맨스,[{'peopleNm': '후지모토 죠지'}],[]
20184726,맛있는 누나들,,2018.0,20181219,장편,개봉,한국,멜로/로맨스,한국,멜로/로맨스,[{'peopleNm': '강백호'}],"[{'companyCd': '20130184', 'companyNm': '스마일컨텐츠'}]"
20183705,알래스카 북극곰,,2018.0,20181213,장편,개봉,한국,"멜로/로맨스,드라마,코미디",한국,멜로/로맨스,[{'peopleNm': '윤중부'}],"[{'companyCd': '20174681', 'companyNm': '(주)마이애미미디어'}]"
20183479,극장판 짱구는 못말려: 아뵤! 쿵후 보이즈 ~라면 대란~,Crayon Shin-chan: Burst Serving! Kung Fu Boys - Ramen Rebellion,2018.0,20181219,장편,개봉,일본,애니메이션,일본,애니메이션,[{'peopleNm': '타카하시 와타루'}],[]
20184564,남의 아내,,2018.0,20181218,장편,개봉,한국,"드라마,멜로/로맨스",한국,드라마,[{'peopleNm': '한동호'}],"[{'companyCd': '20174841', 'companyNm': '(주)가온콘텐츠'}]"
20182670,갈매기,The Seagull,2017.0,20181213,장편,개봉,미국,드라마,미국,드라마,[{'peopleNm': '마이클 메이어'}],[]
20181009,강한 칼: 도도견혈,Brothers,2016.0,20181209,장편,개봉,중국,"드라마,액션,전쟁",중국,드라마,[{'peopleNm': '아감'}],[]
20170669,지금 만나러 갑니다,Be With You,2017.0,20180314,장편,개봉,한국,멜로/로맨스,한국,멜로/로맨스,[{'peopleNm': '이장훈'}],"[{'companyCd': '20139999', 'companyNm': '(주)무비락'}, {'companyCd': '20140755', 'companyNm': '(주)도서관옆스튜디오'}, {'companyCd': '20173761', 'companyNm': '(주)푸른나무픽쳐스'}]"
20178781,사라진 밤,The Vanished,2017.0,20180307,장편,개봉,한국,스릴러,한국,스릴러,[{'peopleNm': '이창희'}],"[{'companyCd': '20100123', 'companyNm': '(주)싸이더스'}, {'companyCd': '20124237', 'companyNm': '(주)엠씨엠씨'}, {'companyCd': '20062469', 'companyNm': '(주)더블앤조이픽쳐스'}]"
20182319,이혼한 여자동창,Wanna Fuck My Best Old Friend,2017.0,20181214,장편,개봉,일본,성인물(에로),일본,성인물(에로),[{'peopleNm': '후지모리 다카야'}],[]
20184925,음란 병동:남편몰래 특별진료,huhuai,2017.0,20181214,장편,개봉,일본,"멜로/로맨스,드라마",일본,멜로/로맨스,[{'peopleNm': '나가에 타카미'}],[]
20184866,옆집소녀2-무삭제,,2018.0,20181214,장편,개봉,한국,멜로/로맨스,한국,멜로/로맨스,[{'peopleNm': '성기만'}],"[{'companyCd': '20130184', 'companyNm': '스마일컨텐츠'}]"
20182318,아내의 섹시한 직장동료,Big Ass Subordinate,2017.0,20181214,장편,개봉,일본,성인물(에로),일본,성인물(에로),[{'peopleNm': '다카사카 유타카'}],[]
20182238,새엄마는 현역 여대생,Stepmother Is University Student!?,2017.0,20181214,장편,개봉,일본,성인물(에로),일본,성인물(에로),[{'peopleNm': '다카사카 미노루'}],[]
20184926,과부:애타는 몸,Wakantaikendan,2017.0,20181214,장편,개봉,일본,"멜로/로맨스,드라마",일본,멜로/로맨스,[{'peopleNm': '사노 B사쿠'}],[]
20162361,환절기,In Between Seasons,2018.0,20180222,장편,개봉,한국,드라마,한국,드라마,[{'peopleNm': '이동은'}],"[{'companyCd': '20168488', 'companyNm': '명필름랩'}]"
20183971,정사 2018,,2018.0,20181213,장편,개봉,한국,멜로/로맨스,한국,멜로/로맨스,[{'peopleNm': '김이슬'}],"[{'companyCd': '20161021', 'companyNm': '(주)영화사가을'}]"
20184144,헬 페스트,Hell Fest ,2018.0,20181213,장편,개봉,미국,공포(호러),미국,공포(호러),[{'peopleNm': '그레고리 플로킨'}],[]
20183665,토마스와 친구들: 우정의 대모험,Thomas & Friends: Journey Beyond Sodor,2017.0,20181213,장편,개봉,영국,"애니메이션,어드벤처",영국,애니메이션,[{'peopleNm': '데이비드 스토튼'}],[]
20184106,은혼2: 규칙은 깨라고 있는 것,Gintama 2,2018.0,20181213,장편,개봉,일본,"코미디,액션",일본,코미디,[{'peopleNm': '후쿠다 유이치'}],[]
20183484,위시업,Status Update,2018.0,20181213,장편,개봉,미국,"뮤지컬,코미디,멜로/로맨스",미국,뮤지컬,[{'peopleNm': '스콧 스피어'}],[]
20183605,삼국-무영자,Shadow,2018.0,20181213,장편,개봉,중국,"액션,드라마",중국,액션,[{'peopleNm': '장예모'}],[]
20182672,데스티네이션 웨딩,Destination Wedding,2018.0,20181213,장편,개봉,미국,"코미디,멜로/로맨스",미국,코미디,[{'peopleNm': '빅터 레빈'}],[]
20182752,검은비: 악의연대기,,2017.0,20181026,장편,개봉,한국,액션,한국,액션,[{'peopleNm': '장유근'}],[]
20183288,헌터 킬러,HUNTER KILLER,2017.0,20181206,장편,개봉,미국,"액션,스릴러",미국,액션,[{'peopleNm': '도노반 마시'}],[]
20184235,위험한 유부녀들,Wakan,2016.0,20181125,장편,개봉,일본,"멜로/로맨스,드라마",일본,멜로/로맨스,[{'peopleNm': '후지모토 죠지'}],[]
20183638,세 번째 엄마 무삭제판,,2018.0,20181211,장편,개봉,한국,멜로/로맨스,한국,멜로/로맨스,[{'peopleNm': '민이'}],"[{'companyCd': '20063099', 'companyNm': '(주)케이알씨지'}]"
20184623,바람난 아내들2,,2018.0,20181211,장편,개봉,한국,멜로/로맨스,한국,멜로/로맨스,[{'peopleNm': '장두만'}],"[{'companyCd': '20173401', 'companyNm': '(주)케이피에이기획'}]"
20183811,착한여자친구,,2018.0,20181210,장편,개봉,한국,멜로/로맨스,한국,멜로/로맨스,[{'peopleNm': '장두만'}],"[{'companyCd': '20173662', 'companyNm': '에이원 미디어'}]"
20183825,시아버지는 음란 마초,Konoyohaotokotoonna,2016.0,20181210,장편,개봉,일본,"멜로/로맨스,드라마",일본,멜로/로맨스,[{'peopleNm': '후지모토 죠지'}],[]
20184731,하고 싶은 아내:내 아내와 해 주세요,Watasinotuma Woman zokusasetekudasai,2017.0,20181207,장편,개봉,일본,"멜로/로맨스,드라마",일본,멜로/로맨스,[{'peopleNm': '토미죠 타로'}],[]
20182235,친구 아내는 야한 가정교사,Yujin no Tsuma ha Dosukebe,2017.0,20181207,장편,개봉,일본,성인물(에로),일본,성인물(에로),[{'peopleNm': '베타 타카오'}],[]
20182314,초흥분 육체간호,Female Careworker for My Dad Is Preferred for Me 5,2017.0,20181207,장편,개봉,일본,성인물(에로),일본,성인물(에로),[{'peopleNm': '나베 아츠시'}],[]
20184743,직장상사와 몰래 한 섹스,Aekikoe,2017.0,20181207,장편,개봉,일본,"멜로/로맨스,드라마",일본,멜로/로맨스,[{'peopleNm': '토미죠 타로'}],[]
20182236,이성을 미치게하는 숙모님,Shinzoku-soukan Matsushima Aoi,2017.0,20181207,장편,개봉,일본,성인물(에로),일본,성인물(에로),[{'peopleNm': '사루 타카시'}],[]
20182315,언니의 애인은 내 첫사랑,Miss His Super Dick,2017.0,20181207,장편,개봉,일본,성인물(에로),일본,성인물(에로),[{'peopleNm': '후지타 하야오'}],[]
20182237,아게하의 나체공연,Naked theatrical company lurking desire,2017.0,20181207,장편,개봉,일본,성인물(에로),일본,성인물(에로),[{'peopleNm': '사카키 히데오'}],[]
20182317,부도덕한 친구엄마,Yujin no Hahaoya Kawakami Yu,2017.0,20181207,장편,개봉,일본,성인물(에로),일본,성인물(에로),[{'peopleNm': '사루 타카시'}],[]
20182313,미용사 몰카 성공,Sex Trial at Beauty Shop 5,2017.0,20181207,장편,개봉,일본,성인물(에로),일본,성인물(에로),[{'peopleNm': '코지마 유키오'}],[]
20182316,며느리의 뜨거운 배꼽,Teinentaishoku shite Aika Ami,2017.0,20181207,장편,개봉,일본,성인물(에로),일본,성인물(에로),[{'peopleNm': '사루 타카시'}],[]
20182234,뜨거운 부장님의 아내,Bucho no Okusan ga Erosugite Sawamura Reiko,2017.0,20181207,장편,개봉,일본,성인물(에로),일본,성인물(에로),[{'peopleNm': '카니에'}],[]
20182312,너무 뜨거운 새엄마,Hairanbi,2017.0,20181207,장편,개봉,일본,성인물(에로),일본,성인물(에로),[{'peopleNm': '타마츠카 빙고'}],[]
20183648,새 어린 엄마 - 무삭제판,,2018.0,20181127,장편,개봉,한국,멜로/로맨스,한국,멜로/로맨스,[{'peopleNm': '이민'}],"[{'companyCd': '20063099', 'companyNm': '(주)케이알씨지'}]"
20188005,크리스마스의 황당한 악몽,Mercy Christmas,2017.0,20181206,장편,개봉,미국,"공포(호러),코미디,액션",미국,공포(호러),[{'peopleNm': '라이언 넬슨'}],[]
20180675,저주의 산뗏,Santet,2018.0,20181206,장편,개봉,인도네시아,공포(호러),인도네시아,공포(호러),[{'peopleNm': '헬피 카르딧'}],[]
20175526,데스트랩,The DMZ,2018.0,20181206,장편,개봉,한국,"스릴러,액션",한국,스릴러,[{'peopleNm': '오인천'}],"[{'companyCd': '20174341', 'companyNm': '(주)영화맞춤제작소 영화공장'}]"
20189843,호두까기 인형과 4개의 왕국,The Nutcracker and the Four Realms,2018.0,20181206,장편,개봉,미국,"판타지,드라마",미국,판타지,"[{'peopleNm': '라세 할스트롬'}, {'peopleNm': '조 존스톤'}]",[]
20182729,리틀 이태리,Little Italy,2018.0,20181206,장편,개봉,캐나다,"코미디,멜로/로맨스",캐나다,코미디,[{'peopleNm': '도날드 페트리'}],[]
20183747,극장판 파워레인저 갤럭시포스 VS 스페이스 스쿼드,Uchu Sentai Kyuranger vs Space Squad,2018.0,20181206,장편,개봉,일본,애니메이션,일본,애니메이션,[{'peopleNm': '사카모토 코이치'}],[]
20183212,내 여자친구의 엄마,,2018.0,20181204,장편,개봉,한국,멜로/로맨스,한국,멜로/로맨스,[{'peopleNm': '김부곤'}],"[{'companyCd': '20161021', 'companyNm': '(주)영화사가을'}]"
20182310,핫팬티의 어린숙모님,Shinzoku-soukan Nakayama Riri,2017.0,20181203,장편,개봉,일본,성인물(에로),일본,성인물(에로),[{'peopleNm': '베타 타카오'}],[]
20178825,모털 엔진,Mortal Engines,2018.0,20181205,장편,개봉,미국,"액션,어드벤처,SF",미국,액션,[{'peopleNm': '크리스찬 리버스'}],[]
20182308,정말 이쁜 새엄마,Chitsunai-shasei Dekiru Kayama Mio,2017.0,20181203,장편,개봉,일본,성인물(에로),일본,성인물(에로),[{'peopleNm': '베타 타카오'}],[]
20182306,음란한 미용사들,Sex Trial at Beauty Shop 4,2017.0,20181203,장편,개봉,일본,성인물(에로),일본,성인물(에로),[{'peopleNm': '후지모리 유키오'}],[]
20182304,아내의 미인 엄마,Too Dirty Mother-in-Law,2017.0,20181203,장편,개봉,일본,성인물(에로),일본,성인물(에로),[{'peopleNm': '와타나베 나카오'}],[]
20182232,새엄마의 변태성향,Metamorphosis art sucking bond,2017.0,20181203,장편,개봉,일본,멜로/로맨스,일본,멜로/로맨스,[{'peopleNm': '야마자키 쿠니노리'}],[]
20182233,부하직원의 어린아내,Subordinate's Wife,2017.0,20181203,장편,개봉,일본,멜로/로맨스,일본,멜로/로맨스,[{'peopleNm': '오우치 아이리'}],[]
20182231,목욕하는 금단정사,Shinzoku-soukan Aoi Shiho,2017.0,20181203,장편,개봉,일본,성인물(에로),일본,성인물(에로),[{'peopleNm': '키타노 마지메'}],[]
20182309,돈없는 형수의 속옷장사,Kinketsu Bijin Hanayone to Kettakushite,2017.0,20181203,장편,개봉,일본,성인물(에로),일본,성인물(에로),[{'peopleNm': '사루 타카시'}],[]
20182307,대실금-젖은팬티,Daishikkin Horiuchi Akemi,2017.0,20181203,장편,개봉,일본,성인물(에로),일본,성인물(에로),[{'peopleNm': '타마츠카 빙고'}],[]
20182311,기모노 신인 여가수의 접대,Enka women disorder love story scenery,2017.0,20181203,장편,개봉,일본,멜로/로맨스,일본,멜로/로맨스,[{'peopleNm': '세키네 카즈미'}],[]
20184446,나이트 쉬프트,Night shift,2018.0,20181129,장편,개봉,아일랜드,"공포(호러),스릴러",아일랜드,공포(호러),[{'peopleNm': '스티븐 홀'}],[]
20184190,언노운 게스트,Ink & Steel,2014.0,20181127,장편,개봉,미국,"범죄,스릴러",미국,범죄,"[{'peopleNm': '조나단 엘러스'}, {'peopleNm': '패트릭 워드 퍼킨스'}]",[]
20181085,지오 쓰나미,GEO DISASTER,2017.0,20181129,장편,개봉,미국,"액션,드라마,어드벤처",미국,액션,[{'peopleNm': '썬더 레빈'}],[]
20183904,연인 : 섹스중독,Lover,2016.0,20181129,장편,개봉,태국,멜로/로맨스,태국,멜로/로맨스,[{'peopleNm': '펫카냐 스릴란다'}],[]
20182750,에이리언 컨버전스,Alien Convergence,2017.0,20181129,장편,개봉,미국,"액션,공포(호러),어드벤처",미국,액션,[{'peopleNm': '롭 팔라티나'}],[]
20184232,아내의 언니,,2018.0,20181130,장편,개봉,일본,멜로/로맨스,일본,멜로/로맨스,[{'peopleNm': '아카바 키쿠지로'}],[]
20185947,도묘필기2: 잃어버린 제국,THE LOST TOMB 2,2018.0,20181031,장편,개봉,중국,기타,중국,기타,[{'peopleNm': '나영창'}],[]
20184530,팀장님의 아내,,2018.0,20181130,장편,개봉,한국,"멜로/로맨스,드라마",한국,멜로/로맨스,[{'peopleNm': '김영민'}],"[{'companyCd': '20123221', 'companyNm': '골든타이드픽처스(주)'}]"
20184542,온천장 여주인의 화끈한 서비스,Hot spring geisha Mitsuko,2017.0,20181130,장편,개봉,일본,드라마,일본,드라마,[{'peopleNm': '넷쿄쿠 타란티노'}],[]
20184540,옆집 유부녀와 불륜정사,Immortality of garbage dumping ground,2017.0,20181130,장편,개봉,일본,드라마,일본,드라마,[{'peopleNm': '크왓치'}],[]
20184539,시아버지의 욕정,Lust of the father-in-law,2017.0,20181130,장편,개봉,일본,드라마,일본,드라마,[{'peopleNm': '오자키 히로코우지'}],[]
20189922,귀신과 함께 춤을,,2018.0,20181130,장편,개봉,한국,"멜로/로맨스,코미디",한국,멜로/로맨스,[{'peopleNm': '백감독'}],"[{'companyCd': '20100395', 'companyNm': '(주)인피니티엔터테인먼트 '}]"
20189870,이브들의 발칙한 수다,,2018.0,20181123,장편,개봉,한국,"멜로/로맨스,코미디",한국,멜로/로맨스,[{'peopleNm': '김정호'}],"[{'companyCd': '20100395', 'companyNm': '(주)인피니티엔터테인먼트 '}]"
20184107,미스틱 게임 ,MYSTIC GAME,2016.0,20181122,장편,개봉,러시아,"판타지,어드벤처",러시아,판타지,[{'peopleNm': '아르툠 악세넨코'}],[]
20183770,동생의 여자,,2018.0,20181122,장편,개봉,한국,멜로/로맨스,한국,멜로/로맨스,[{'peopleNm': '장두만'}],"[{'companyCd': '20173401', 'companyNm': '(주)케이피에이기획'}]"
20184089,트랜스퍼런스,Transference,2017.0,20181121,장편,개봉,미국,,미국,,[],[]
20184088,에일리언 프레데터,Alien Domicile,2017.0,20181121,장편,개봉,미국,"SF,공포(호러)",미국,SF,[],[]
20183704,은밀한 여작가의 사생활 ,,2018.0,20181120,장편,개봉,한국,"멜로/로맨스,드라마",한국,멜로/로맨스,[{'peopleNm': '한동호'}],"[{'companyCd': '20189621', 'companyNm': '(주)라온컴퍼니플러스'}]"
20183824,신입 여직원 길들이기,,2018.0,20181120,장편,개봉,일본,,일본,,[{'peopleNm': '아사기리 키요시'}],[]
20184086,착한 친구엄마 (무삭제),,2017.0,20181120,장편,개봉,한국,멜로/로맨스,한국,멜로/로맨스,[{'peopleNm': '이진명'}],"[{'companyCd': '20112175', 'companyNm': '(주)소나무픽쳐스'}]"
20183706,어린 장모들,,2018.0,20181120,장편,개봉,한국,멜로/로맨스,한국,멜로/로맨스,[{'peopleNm': '강정훈'}],"[{'companyCd': '20112175', 'companyNm': '(주)소나무픽쳐스'}]"
20183903,애욕의 잔다라 후예들,Trauma,2016.0,20181118,장편,개봉,태국,멜로/로맨스,태국,멜로/로맨스,[{'peopleNm': '마우스 수와나'}],[]
20185948,도묘필기3: 제국의 부활,THE LOST TOMB 3,2018.0,20181115,장편,개봉,중국,기타,중국,기타,[{'peopleNm': '나영창'}],[]
20187343,홍콩 마스터 어벤져,HONGKONG MASTER,2017.0,20181115,장편,개봉,중국,"액션,SF",중국,액션,[{'peopleNm': '양중문'}],[]
20183220,김본좌의 야동남녀- 무삭제판,,2018.0,20181114,장편,개봉,한국,멜로/로맨스,한국,멜로/로맨스,[{'peopleNm': '박은수'}],"[{'companyCd': '20063099', 'companyNm': '(주)케이알씨지'}]"
20183703,노리개가 된 유부녀 ,Don't Drive Me Crazy,2018.0,20181109,장편,개봉,일본,드라마,일본,드라마,[{'peopleNm': '우스바시 스이'}],[]
20183708,친구 엄마들의 맛 (감독판),,2018.0,20181109,장편,개봉,한국,멜로/로맨스,한국,멜로/로맨스,[{'peopleNm': '강정훈'}],"[{'companyCd': '20112175', 'companyNm': '(주)소나무픽쳐스'}]"
20183709,친구 엄마들 2018 (감독판),,2018.0,20181109,장편,개봉,한국,멜로/로맨스,한국,멜로/로맨스,[{'peopleNm': '이진'}],"[{'companyCd': '20112175', 'companyNm': '(주)소나무픽쳐스'}]"
20183751,착한 처제들 2018 (감독판),,2018.0,20181109,장편,개봉,한국,멜로/로맨스,한국,멜로/로맨스,[{'peopleNm': '강정훈'}],"[{'companyCd': '20112175', 'companyNm': '(주)소나무픽쳐스'}]"
20183749,장모님의 개인교습 (감독판),,2018.0,20181109,장편,개봉,한국,멜로/로맨스,한국,멜로/로맨스,[{'peopleNm': '강정훈'}],"[{'companyCd': '20112175', 'companyNm': '(주)소나무픽쳐스'}]"
20183725,예쁜 처제들 2018 (감독판),,2018.0,20181109,장편,개봉,한국,멜로/로맨스,한국,멜로/로맨스,[{'peopleNm': '강정훈'}],"[{'companyCd': '20112175', 'companyNm': '(주)소나무픽쳐스'}]"
20183750,내 친구엄마들 2018 (감독판),,2018.0,20181109,장편,개봉,한국,멜로/로맨스,한국,멜로/로맨스,[{'peopleNm': '강정훈'}],"[{'companyCd': '20112175', 'companyNm': '(주)소나무픽쳐스'}]"
20180827,퓨쳐 월드,FUTURE WORLD,2018.0,20181108,장편,개봉,"이탈리아,프랑스,미국","SF,액션,판타지",이탈리아,SF,"[{'peopleNm': '제임스 프랭코'}, {'peopleNm': '브루스 티에리 청'}]",[]
20181925,다크 아이리스,Dark Iris,2018.0,20181108,장편,개봉,미국,"SF,스릴러",미국,SF,[],[]
20182755,피를 빠는 인형,Vampire Clay,2017.0,20181108,장편,개봉,일본,공포(호러),일본,공포(호러),[{'peopleNm': '우메자와 소이치'}],[]
20183257,폭풍우 : 죽을 때 까지 하고 싶어,YUUKO SHIRAKI NIGHT WITH A YOUNG LADY WITH A STORM RELATIVE AND TWO PEOPLE,2018.0,20181107,장편,개봉,일본,,일본,,[{'peopleNm': '마메자와 마메타로'}],[]
20183268,섹스는 맛있다,,2018.0,20181106,장편,개봉,한국,,한국,,[{'peopleNm': '제임스 김'}],"[{'companyCd': '20100142', 'companyNm': '(주)씨맥스커뮤니케이션즈'}]"
20182747,킹 아더: 원탁의 기사,Knights at the Round Table,2017.0,20181104,장편,개봉,미국,액션,미국,액션,[{'peopleNm': '자레드 콘'}],[]
20177477,루이자 밀러,Luisa Miller,,20181103,장편,개봉,미국,공연,미국,공연,[],[]
20183211,어린 누나 2,,2018.0,20181101,장편,개봉,한국,멜로/로맨스,한국,멜로/로맨스,[{'peopleNm': '정진호'}],[]
20187303,하나식당,,2018.0,20181122,장편,개봉,한국,드라마,한국,드라마,[{'peopleNm': '최낙희'}],"[{'companyCd': '20100435', 'companyNm': '에이케이엔터테인먼트(주)'}]"
20184472,형수:잘못된 관계,Gamandekinai,2016.0,20181129,장편,개봉,일본,"멜로/로맨스,드라마",일본,멜로/로맨스,[{'peopleNm': '후지모토 죠지'}],[]
20182966,투 프렌즈,TWO TAILS,2018.0,20181129,장편,개봉,러시아,"애니메이션,어드벤처",러시아,애니메이션,[{'peopleNm': '빅터 아즈에프'}],[]
20184382,정사 : 착한 며느리들 2,,2018.0,20181129,장편,개봉,한국,멜로/로맨스,한국,멜로/로맨스,[{'peopleNm': '김부곤'}],"[{'companyCd': '20161021', 'companyNm': '(주)영화사가을'}]"
20183286,일곱 개의 대죄 : 천공의 포로,The Seven Deadly Sins: Prisoners of the Sky ,2018.0,20181129,장편,개봉,일본,"애니메이션,판타지",일본,애니메이션,[{'peopleNm': '아베 노리유키'}],[]
20184489,불륜 커플들,Komotituma,2016.0,20181129,장편,개봉,일본,"멜로/로맨스,드라마",일본,멜로/로맨스,[{'peopleNm': '나가에 타카미'}],[]
20187304,별나라 몰리 몬스터,Ted Sierger's Molly Monster,2016.0,20181129,장편,개봉,"독일,스웨덴,스위스","애니메이션,어드벤처",독일,애니메이션,"[{'peopleNm': '마티아스 브런'}, {'peopleNm': '테드 시저'}]",[]
20184469,바람난 유부녀:정조따위 필요없어,Yomigaerutumanohonsei,2017.0,20181129,장편,개봉,일본,"멜로/로맨스,드라마",일본,멜로/로맨스,[{'peopleNm': '나가에 타카미'}],[]
20177964,대지진,The Earthquake,2016.0,20181129,장편,개봉,러시아,드라마,러시아,드라마,[{'peopleNm': '사릭 안드레아시안'}],[]
20177983,다이빙: 그녀에 빠지다,Plonger,2017.0,20181129,장편,개봉,프랑스,"멜로/로맨스,드라마",프랑스,멜로/로맨스,[{'peopleNm': '멜라니 로랑'}],[]
20184471,남편 친구와 놀아난 아내:여보 미안해,OXTUTONOTUMANIOTIITATUMA,2017.0,20181129,장편,개봉,일본,"멜로/로맨스,드라마",일본,멜로/로맨스,[{'peopleNm': '토미죠 타로'}],[]
20181905,후드,Robin Hood ,2018.0,20181128,장편,개봉,미국,어드벤처,미국,어드벤처,[{'peopleNm': '오토 바서스트'}],[]
20184474,스와핑 민박집- 무삭제판,,2018.0,20181128,장편,개봉,한국,멜로/로맨스,한국,멜로/로맨스,[{'peopleNm': '박은수'}],"[{'companyCd': '20063099', 'companyNm': '(주)케이알씨지'}]"
20184475,선녀는 몸으로 운다-무삭제판,,2018.0,20181128,장편,개봉,한국,멜로/로맨스,한국,멜로/로맨스,[{'peopleNm': '이전'}],"[{'companyCd': '20063099', 'companyNm': '(주)케이알씨지'}]"
20184473,마지막 정사: 여럿이 다같이-감독판,,2018.0,20181128,장편,개봉,한국,멜로/로맨스,한국,멜로/로맨스,[{'peopleNm': '이전'}],"[{'companyCd': '20063099', 'companyNm': '(주)케이알씨지'}]"
20183007,거미줄에 걸린 소녀,THE GIRL IN THE SPIDER’S WEB,2018.0,20181128,장편,개봉,미국,"액션,스릴러,범죄",미국,액션,[{'peopleNm': '페드 알바레즈'}],[]
20181684,개인교수 : 성적 올리기 무삭제,,2018.0,20181128,장편,개봉,한국,멜로/로맨스,한국,멜로/로맨스,[{'peopleNm': '유해종'}],"[{'companyCd': '20161021', 'companyNm': '(주)영화사가을'}]"
20184234,연애 : 엄마친구 무삭제,,2018.0,20181127,장편,개봉,한국,멜로/로맨스,한국,멜로/로맨스,[{'peopleNm': '유해종'}],"[{'companyCd': '20161021', 'companyNm': '(주)영화사가을'}]"
20184470,엄마의 유혹 무삭제,,2018.0,20181127,장편,개봉,한국,멜로/로맨스,한국,멜로/로맨스,[{'peopleNm': '유해종'}],"[{'companyCd': '20161021', 'companyNm': '(주)영화사가을'}]"
20183788,어린 처제 2 - 무삭제판,,2018.0,20181117,장편,개봉,한국,멜로/로맨스,한국,멜로/로맨스,[{'peopleNm': '김태수'}],"[{'companyCd': '20173121', 'companyNm': '너바나 필름'}]"
20184481,성난황소,Unstoppable,2018.0,20181122,장편,개봉,한국,"범죄,액션",한국,범죄,[{'peopleNm': '김민호'}],"[{'companyCd': '20188821', 'companyNm': '주식회사 플러스미디어엔터테인먼트'}, {'companyCd': '20138935', 'companyNm': '(주)비에이엔터테인먼트'}]"
20184236,정사:유부녀가 된 첫사랑 무삭제판,Motonokerenihoretatuma,2017.0,20181125,장편,개봉,일본,"멜로/로맨스,드라마",일본,멜로/로맨스,[{'peopleNm': '토미죠 타로'}],[]
20184278,잠든 남편 옆에서 하다 무삭제판,Apatono Tuma,2017.0,20181125,장편,개봉,일본,"멜로/로맨스,드라마",일본,멜로/로맨스,[{'peopleNm': '안도 본'}],[]
20184237,섹시 헬스장 무삭제판,Pojitexibunaonna,2016.0,20181125,장편,개봉,일본,"멜로/로맨스,드라마",일본,멜로/로맨스,[{'peopleNm': '후지모토 죠지'}],[]
20184268,착한 이모:내 여자가 되는 날 무삭제판,Kikennna Koi,2017.0,20181124,장편,개봉,일본,"멜로/로맨스,드라마",일본,멜로/로맨스,[{'peopleNm': '히로아키'}],[]
20184277,정사:착한 며느리 무삭제판,Gihutowatasi,2016.0,20181124,장편,개봉,일본,"멜로/로맨스,드라마",일본,멜로/로맨스,[{'peopleNm': '츠키카게 쿠로우'}],[]
20184238,착한 아내:참을 수 없는 날 무삭제판,Roujintootokotoaijin,2016.0,20181124,장편,개봉,일본,"멜로/로맨스,드라마",일본,멜로/로맨스,[{'peopleNm': '후지모토 죠지'}],[]
20184239,나쁜 아내:편의점 섹스 무삭제판,Gomennnasai,2016.0,20181124,장편,개봉,일본,"멜로/로맨스,드라마",일본,멜로/로맨스,[{'peopleNm': '나쿠루 하라다'}],[]
20189603,음란한 모델 무삭제판,,2018.0,20181102,장편,개봉,한국,멜로/로맨스,한국,멜로/로맨스,[{'peopleNm': '노승택'}],"[{'companyCd': '20141403', 'companyNm': '(주)제이에이와이이엔터테인먼트'}]"
20183640,새로운 엄마친구-무삭제판,,2018.0,20181120,장편,개봉,한국,멜로/로맨스,한국,멜로/로맨스,[{'peopleNm': '민이'}],"[{'companyCd': '20063099', 'companyNm': '(주)케이알씨지'}]"
20182909,노래방 : 화끈한 여자들 무삭제,,2018.0,20181109,장편,개봉,한국,멜로/로맨스,한국,멜로/로맨스,[{'peopleNm': '조태호'}],"[{'companyCd': '20161021', 'companyNm': '(주)영화사가을'}]"
20183265,홀리 에어,Holy Air,2017.0,20181115,장편,개봉,이스라엘,코미디,이스라엘,코미디,[{'peopleNm': '샤디 스로어'}],[]
20189282,착한 형수 : 내 여자가 되던 날 무삭제,,2018.0,20181126,장편,개봉,한국,멜로/로맨스,한국,멜로/로맨스,[{'peopleNm': '정완경'}],"[{'companyCd': '20161021', 'companyNm': '(주)영화사가을'}]"
20184018,착한여선생-무삭제,,2018.0,20181123,장편,개봉,한국,멜로/로맨스,한국,멜로/로맨스,[{'peopleNm': '최은정'}],"[{'companyCd': '20130184', 'companyNm': '스마일컨텐츠'}]"
20177341,영주,Youngju,2018.0,20181122,장편,개봉,한국,드라마,한국,드라마,[{'peopleNm': '차성덕'}],[]
20187685,밀애 : 아내의 여동생 무삭제판,,2018.0,20181122,장편,개봉,한국,멜로/로맨스,한국,멜로/로맨스,[{'peopleNm': '김부곤'}],"[{'companyCd': '20161021', 'companyNm': '(주)영화사가을'}]"
20183684,동갑내기 엄마,,2018.0,20181122,장편,개봉,한국,멜로/로맨스,한국,멜로/로맨스,[{'peopleNm': '성기만'}],"[{'companyCd': '20130184', 'companyNm': '스마일컨텐츠'}]"
20184240,내 학생의 엄마 3 무삭제,,2018.0,20181122,장편,개봉,한국,멜로/로맨스,한국,멜로/로맨스,[{'peopleNm': '유해종'}],"[{'companyCd': '20161021', 'companyNm': '(주)영화사가을'}]"
20182669,툴리,TULLY,2018.0,20181122,장편,개봉,캐나다,드라마,캐나다,드라마,[{'peopleNm': '제이슨 라이트맨'}],[]
20183564,택시 5,Taxi 5,2018.0,20181122,장편,개봉,프랑스,"액션,어드벤처,코미디",프랑스,액션,[{'peopleNm': '프랑크 가스탐비드'}],[]
20189383,새벽의 약속,Promise at Dawn,2017.0,20181122,장편,개봉,프랑스,드라마,프랑스,드라마,[{'peopleNm': '에릭 바르비에'}],[]
20184514,꼬마비행기 피티와 친구들:사막구출 대작전,The adventures of Petey and Friends,2016.0,20181122,장편,개봉,중국,애니메이션,중국,애니메이션,[{'peopleNm': '루카스 퀴아오'}],[]
20177965,28세 미성년,Suddenly Seventeen ,2016.0,20181121,장편,개봉,중국,"멜로/로맨스,판타지",중국,멜로/로맨스,[{'peopleNm': '장모'}],[]
20184051,친구의 새엄마:참을 수 없는 날,Nerawareta Bijinngibo 7,2017.0,20181120,장편,개봉,일본,"멜로/로맨스,드라마",일본,멜로/로맨스,[{'peopleNm': '키무라 히로유키'}],[]
20184050,착한 숙모 : 삼촌이 허락한 날,TUMANWOTAITEMITAIKA-03,2017.0,20181119,장편,개봉,일본,"멜로/로맨스,드라마",일본,멜로/로맨스,[{'peopleNm': '키무라 히로유키'}],[]
20186285,정사 : 캠퍼스 커플  무삭제,,2018.0,20181120,장편,개봉,한국,멜로/로맨스,한국,멜로/로맨스,[{'peopleNm': '임현태'}],"[{'companyCd': '20161021', 'companyNm': '(주)영화사가을'}]"
20187583,정사 : 착한 숙모 무삭제,,2018.0,20181120,장편,개봉,한국,멜로/로맨스,한국,멜로/로맨스,[{'peopleNm': '김부곤'}],"[{'companyCd': '20161021', 'companyNm': '(주)영화사가을'}]"
20187687,정사 : 자매의 유혹 무삭제,,2018.0,20181120,장편,개봉,한국,멜로/로맨스,한국,멜로/로맨스,[{'peopleNm': '김부곤'}],"[{'companyCd': '20161021', 'companyNm': '(주)영화사가을'}]"
20183786,스와핑 : 친구의 아내 2 무삭제,,2018.0,20181120,장편,개봉,한국,멜로/로맨스,한국,멜로/로맨스,[{'peopleNm': '유해종'}],"[{'companyCd': '20161021', 'companyNm': '(주)영화사가을'}]"
20183635,새 엄마의 선물 떡 - 무삭제판,,2018.0,20181120,장편,개봉,한국,멜로/로맨스,한국,멜로/로맨스,[{'peopleNm': '이전'}],"[{'companyCd': '20063099', 'companyNm': '(주)케이알씨지'}]"
20177910,밀애 : 사장님의 젊은 아내 무삭제,,2017.0,20181120,장편,개봉,한국,멜로/로맨스,한국,멜로/로맨스,[{'peopleNm': '이상민'}],"[{'companyCd': '20161021', 'companyNm': '(주)영화사가을'}]"
20183637,두번째 엄마2-무삭제판,,2018.0,20181120,장편,개봉,한국,멜로/로맨스,한국,멜로/로맨스,[{'peopleNm': '이전'}],"[{'companyCd': '20063099', 'companyNm': '(주)케이알씨지'}]"
20184064,나의 새엄마:여자로 보일 때,Gibonohudeorosi 2,2017.0,20181120,장편,개봉,일본,"멜로/로맨스,드라마",일본,멜로/로맨스,[{'peopleNm': '우미야마 테루카즈'}],[]
20177908,교환섹스 : 동생의 여자 무삭제,,2017.0,20181120,장편,개봉,한국,멜로/로맨스,한국,멜로/로맨스,[{'peopleNm': '이상민'}],"[{'companyCd': '20161021', 'companyNm': '(주)영화사가을'}]"
20184049,친구엄마:맛있게 섹스 한 날,SINYUUNOBIHADAHAHA,2017.0,20181119,장편,개봉,일본,"멜로/로맨스,드라마",일본,멜로/로맨스,[{'peopleNm': '훌리오 세자르 오하시'}],[]
20184063,친구엄마:그녀와 하던 날,SINYUUNOHAHA,2017.0,20181119,장편,개봉,일본,"멜로/로맨스,드라마",일본,멜로/로맨스,[{'peopleNm': '키무라 히로유키'}],[]
20184052,비밀조직의 음탕한 갱생 훈련,Seitekiboryoku,2017.0,20181119,장편,개봉,일본,"멜로/로맨스,드라마",일본,멜로/로맨스,[{'peopleNm': '나가에 타카미'}],[]
20184048,강제 섹스:거절하다 신음,Jyositobukanotuma 6,2017.0,20181119,장편,개봉,일본,"멜로/로맨스,드라마",일본,멜로/로맨스,[{'peopleNm': '나가에 타카미'}],[]
20183504,토스카,Tosca,2018.0,20181118,장편,개봉,독일,"공연,드라마,스릴러",독일,공연,[{'peopleNm': '미햐엘 슈투르밍어'}],[]
20181116,리플레이스,Replace,2017.0,20181115,장편,개봉,미국,"공포(호러),스릴러",미국,공포(호러),[{'peopleNm': '노버트 케일'}],[]
20183763,레드 후드,Little Red Riding Hood,2016.0,20181111,장편,개봉,미국,"판타지,공포(호러)",미국,판타지,[{'peopleNm': '르네 페르즈'}],[]
20150969,궁합,The Princess and the Matchmaker,2015.0,20180228,장편,개봉,한국,"코미디,드라마",한국,코미디,[{'peopleNm': '홍창표'}],"[{'companyCd': '20100128', 'companyNm': '(주)주피터필름'}]"
20186901,친구엄마들 무삭제,,2018.0,20181116,장편,개봉,한국,멜로/로맨스,한국,멜로/로맨스,[{'peopleNm': '조태호'}],"[{'companyCd': '20161021', 'companyNm': '(주)영화사가을'}]"
20183707,착한 여동생-무삭제,,2018.0,20181116,장편,개봉,한국,멜로/로맨스,한국,멜로/로맨스,[{'peopleNm': '김다니엘'}],"[{'companyCd': '20130184', 'companyNm': '스마일컨텐츠'}]"
20185588,정사 : 아내의 친구 무삭제,,2018.0,20181116,장편,개봉,한국,멜로/로맨스,한국,멜로/로맨스,[{'peopleNm': '조태호'}],"[{'companyCd': '20161021', 'companyNm': '(주)영화사가을'}]"
20182299,언니의 남편과 아내의 여동생,Otto-ha Ikijigoku,2017.0,20181116,장편,개봉,일본,성인물(에로),일본,성인물(에로),[{'peopleNm': '이즈미 류지'}],[]
20182300,며느리의 젊은 육체,Sukimono Yome,2017.0,20181116,장편,개봉,일본,성인물(에로),일본,성인물(에로),[{'peopleNm': '아카바네 키쿠지로'}],[]
20182298,터진 보험판매원,"Easy Fucking, Easy Insurance Contract",2017.0,20181116,장편,개봉,일본,성인물(에로),일본,성인물(에로),[{'peopleNm': '코지마 유키오'}],[]
20185941,여교사 : 제자와의 사랑 무삭제,,2018.0,20181116,장편,개봉,한국,멜로/로맨스,한국,멜로/로맨스,[{'peopleNm': '최민'}],"[{'companyCd': '20161021', 'companyNm': '(주)영화사가을'}]"
20183557,아빠친구2,,2018.0,20181115,장편,개봉,한국,멜로/로맨스,한국,멜로/로맨스,[{'peopleNm': '감자'}],"[{'companyCd': '20130184', 'companyNm': '스마일컨텐츠'}]"
20183809,사장을 기다리는 아내,Wife's compensation,2017.0,20181115,장편,개봉,일본,드라마,일본,드라마,[{'peopleNm': '긴다이치 코고로'}],[]
20187684,밀애 : 아내의 여동생,,2018.0,20181115,장편,개봉,한국,멜로/로맨스,한국,멜로/로맨스,[{'peopleNm': '김부곤'}],"[{'companyCd': '20161021', 'companyNm': '(주)영화사가을'}]"
20183808,맹인 안마사의 기술,"The blind man, Yujiro",2017.0,20181115,장편,개봉,일본,드라마,일본,드라마,[{'peopleNm': '넷쿄쿠 타란티노'}],[]
20183009,로빈슨의 언더워터 어드벤처,The Underwater Adventures of Sadko,2018.0,20181115,장편,개봉,러시아,"애니메이션,판타지,어드벤처",러시아,애니메이션,[{'peopleNm': '막심 볼코브'}],[]
20183807,거유 유부녀의 오일 마사지,Hope of breast,2017.0,20181115,장편,개봉,일본,드라마,일본,드라마,[{'peopleNm': '긴다이치 코고로'}],[]
20183817,한지붕 아래 스와핑,TUMANWOTAITEMITAIKA-01,2017.0,20181114,장편,개봉,일본,"멜로/로맨스,드라마",일본,멜로/로맨스,[{'peopleNm': '키무라 히로유키'}],[]
20182446,착한 엄마 2 무삭제,,2017.0,20181114,장편,개봉,한국,멜로/로맨스,한국,멜로/로맨스,[{'peopleNm': '곽영근'}],"[{'companyCd': '20154628', 'companyNm': '(주)영화사 사계절'}, {'companyCd': '20160321', 'companyNm': '대호필름'}]"
20180151,정사 : 친구의 여자를 탐하다 무삭제,,2018.0,20181114,장편,개봉,한국,멜로/로맨스,한국,멜로/로맨스,[{'peopleNm': '정완경'}],"[{'companyCd': '20161021', 'companyNm': '(주)영화사가을'}]"
20183646,정사 : 어린 새엄마 무삭제,,2018.0,20181114,장편,개봉,한국,드라마,한국,드라마,[{'peopleNm': '임현태'}],"[{'companyCd': '20161021', 'companyNm': '(주)영화사가을'}]"
20180672,정사 : 사촌 여동생들 무삭제,,2018.0,20181114,장편,개봉,한국,멜로/로맨스,한국,멜로/로맨스,[{'peopleNm': '정완경'}],"[{'companyCd': '20161021', 'companyNm': '(주)영화사가을'}]"
20181982,여자 하숙집2 무삭제,,2018.0,20181114,장편,개봉,한국,멜로/로맨스,한국,멜로/로맨스,[{'peopleNm': '이리단'}],"[{'companyCd': '20161021', 'companyNm': '(주)영화사가을'}]"
20176814,신비한 동물들과 그린델왈드의 범죄,Fantastic Beasts: The Crimes of Grindelwald,2018.0,20181114,장편,개봉,미국,판타지,미국,판타지,[{'peopleNm': '데이빗 예이츠'}],[]
20183818,무림의 거유 여닌자 하즈키,Enmitu Ninjya Hazuki,2015.0,20181114,장편,개봉,일본,"멜로/로맨스,드라마,액션",일본,멜로/로맨스,[{'peopleNm': '타카유키 야마가'}],[]
20180152,가정부 : 맛있는 서비스 무삭제,,2018.0,20181114,장편,개봉,한국,멜로/로맨스,한국,멜로/로맨스,[{'peopleNm': '정완경'}],"[{'companyCd': '20161021', 'companyNm': '(주)영화사가을'}]"
20183492,조건엄마:슈가맘,,2018.0,20181113,장편,개봉,한국,"멜로/로맨스,드라마",한국,멜로/로맨스,[{'peopleNm': '한동호'}],"[{'companyCd': '20174841', 'companyNm': '(주)가온콘텐츠'}]"
20181179,유부녀들의 맛 무삭제판,,2018.0,20181113,장편,개봉,한국,멜로/로맨스,한국,멜로/로맨스,[{'peopleNm': '유해종'}],"[{'companyCd': '20161021', 'companyNm': '(주)영화사가을'}]"
20184362,여친 언니 무삭제,,2018.0,20181113,장편,개봉,한국,멜로/로맨스,한국,멜로/로맨스,[{'peopleNm': '조태호'}],"[{'companyCd': '20161021', 'companyNm': '(주)영화사가을'}]"
20186942,신혼부부의 성생활 무삭제,,2018.0,20181113,장편,개봉,한국,멜로/로맨스,한국,멜로/로맨스,[{'peopleNm': '조태호'}],"[{'companyCd': '20161021', 'companyNm': '(주)영화사가을'}]"
20189725,사촌 누나 무삭제,,2017.0,20181113,장편,개봉,한국,멜로/로맨스,한국,멜로/로맨스,[{'peopleNm': '조태호'}],"[{'companyCd': '20161021', 'companyNm': '(주)영화사가을'}]"
20183924,밀애 : 부부카풀 무삭제,,2018.0,20181113,장편,개봉,한국,멜로/로맨스,한국,멜로/로맨스,[{'peopleNm': '임현태'}],"[{'companyCd': '20161021', 'companyNm': '(주)영화사가을'}]"
20184587,룸싸롱 맛있는 서비스 무삭제,,2018.0,20181113,장편,개봉,한국,멜로/로맨스,한국,멜로/로맨스,[{'peopleNm': '조태호'}],"[{'companyCd': '20161021', 'companyNm': '(주)영화사가을'}]"
20137352,루비 스팍스,Ruby Sparks,2012.0,20180510,장편,개봉,미국,"코미디,판타지",미국,코미디,"[{'peopleNm': '조나단 데이턴'}, {'peopleNm': '발레리 페리스'}]",[]
20189331,리즈와 파랑새,Liz and the Blue Bird,2018.0,20181009,장편,개봉,일본,애니메이션,일본,애니메이션,[{'peopleNm': '야마다 나오코'}],[]
20181467,착한 자매들 무삭제판,,2018.0,20181112,장편,개봉,한국,멜로/로맨스,한국,멜로/로맨스,[{'peopleNm': '김부곤'}],"[{'companyCd': '20161021', 'companyNm': '(주)영화사가을'}]"
20184843,애인 : 아내의 남자 무삭제,,2018.0,20181112,장편,개봉,한국,멜로/로맨스,한국,멜로/로맨스,[{'peopleNm': '임현태'}],"[{'companyCd': '20161021', 'companyNm': '(주)영화사가을'}]"
20189334,스와핑 : 친구부부의 쾌락 2 무삭제,,2018.0,20181112,장편,개봉,한국,멜로/로맨스,한국,멜로/로맨스,[{'peopleNm': '정완경'}],"[{'companyCd': '20161021', 'companyNm': '(주)영화사가을'}]"
20181066,메가 샤크 어택,EMPIRE OF THE SHARKS,2017.0,20181104,장편,개봉,미국,"액션,어드벤처,공포(호러)",미국,액션,[{'peopleNm': '마크 앳킨스'}],[]
20182295,풍속업 교육녀,Brutal Private Teacher for Female Sex Shop Starter,2017.0,20181109,장편,개봉,일본,성인물(에로),일본,성인물(에로),[{'peopleNm': '쿠라타 미키오'}],[]
20182294,일본부부몰카,Real Night Life with Spy Cam 4,2017.0,20181109,장편,개봉,일본,성인물(에로),일본,성인물(에로),[{'peopleNm': '후지모리 켄이치'}],[]
20182293,외도에 미친 유부녀들,Yokubo-no Shiturakuen,2017.0,20181109,장편,개봉,일본,성인물(에로),일본,성인물(에로),[{'peopleNm': '아카바네 류지'}],[]
20182292,아내의 몸은 남편의 것,Hitoduma-no-seiyoku,2017.0,20181109,장편,개봉,일본,성인물(에로),일본,성인물(에로),[{'peopleNm': '아카바네 류지'}],[]
20182290,미망인-친구아내,Tyuukonen-no-akogare,2017.0,20181109,장편,개봉,일본,성인물(에로),일본,성인물(에로),[{'peopleNm': '아카바네 키쿠지로'}],[]
20182291,맨션과 병원과 러브호텔의 정사,Ottodakejya-monotarinai,2017.0,20181109,장편,개봉,일본,성인물(에로),일본,성인물(에로),[{'peopleNm': '아카바네 키쿠지로'}],[]
20182296,대형노출사고-변태녀,Immoral MILF & Dirty MILF,2017.0,20181109,장편,개봉,일본,성인물(에로),일본,성인물(에로),[{'peopleNm': '후지모리 아키나'}],[]
20182908,노래방 : 화끈한 여자들,,2018.0,20181109,장편,개봉,한국,멜로/로맨스,한국,멜로/로맨스,[{'peopleNm': '조태호'}],"[{'companyCd': '20161021', 'companyNm': '(주)영화사가을'}]"
20182297,노랑소파의 불륜녀,Housewives' Creampie Affairs,2017.0,20181109,장편,개봉,일본,성인물(에로),일본,성인물(에로),[{'peopleNm': '사카타 히로키'}],[]
20180664,출동! 소방관 샘: 외계인 대소동,Fireman Sam: Alien Alert! The Movie,2017.0,20181108,장편,개봉,영국,애니메이션,영국,애니메이션,[{'peopleNm': '개리 앤드류스'}],[]
20182841,철의 심장을 가진 남자,The Man with the Iron Heart,2017.0,20181108,장편,개봉,미국,"액션,스릴러,전쟁",미국,액션,[{'peopleNm': '세드릭 히메네즈'}],[]
20187468,정사 : 처제의 사랑 무삭제편,,2018.0,20181108,장편,개봉,한국,멜로/로맨스,한국,멜로/로맨스,[{'peopleNm': '최민'}],"[{'companyCd': '20161021', 'companyNm': '(주)영화사가을'}]"
20183746,이스케이프 플랜 2: 하데스,Escape Plan 2: Hades,2018.0,20181108,장편,개봉,미국,"액션,스릴러",미국,액션,[{'peopleNm': '스티븐 C. 밀러'}],[]
20188010,여친엄마 2 무삭제,,2018.0,20181108,장편,개봉,한국,멜로/로맨스,한국,멜로/로맨스,[{'peopleNm': '최민'}],"[{'companyCd': '20161021', 'companyNm': '(주)영화사가을'}]"
20180379,엄마친구들 2 무삭제,,2018.0,20181108,장편,개봉,한국,멜로/로맨스,한국,멜로/로맨스,[{'peopleNm': '임현태'}],"[{'companyCd': '20161021', 'companyNm': '(주)영화사가을'}]"
20182381,아내의 엄마 무삭제,,2018.0,20181108,장편,개봉,한국,멜로/로맨스,한국,멜로/로맨스,[{'peopleNm': '임현태'}],"[{'companyCd': '20161021', 'companyNm': '(주)영화사가을'}]"
20181094,마틸다: 황제의 연인,Mathilde,2017.0,20181108,장편,개봉,러시아,드라마,러시아,드라마,[{'peopleNm': '알렉세이 유치텔'}],[]
20188461,릴라와 마법의 책,Lila's Book,2017.0,20181108,장편,개봉,"콜롬비아,우루과이","어드벤처,애니메이션",콜롬비아,어드벤처,[{'peopleNm': '마르셀라 링콘 곤잘레스'}],[]
20174981,창궐,Rampant,2018.0,20181025,장편,개봉,한국,"사극,액션",한국,사극,[{'peopleNm': '김성훈'}],"[{'companyCd': '20141613', 'companyNm': '리양필름(주)'}, {'companyCd': '20130188', 'companyNm': '영화사 이창'}]"
20188422,나미야 잡화점의 기적: 또 하나의 이야기,Namiya,2017.0,20181108,장편,개봉,중국,"판타지,드라마",중국,판타지,[{'peopleNm': '한 지에'}],[]
20180783,착한 형수 3 무삭제,,2018.0,20181107,장편,개봉,한국,멜로/로맨스,한국,멜로/로맨스,[{'peopleNm': '이리단'}],"[{'companyCd': '20161021', 'companyNm': '(주)영화사가을'}]"
20181083,젊은 엄마 친구 무삭제판,,2018.0,20181107,장편,개봉,한국,멜로/로맨스,한국,멜로/로맨스,[{'peopleNm': '유해종'}],"[{'companyCd': '20161021', 'companyNm': '(주)영화사가을'}]"
20187659,엄마친구 5 무삭제판,,2017.0,20181107,장편,개봉,한국,멜로/로맨스,한국,멜로/로맨스,[{'peopleNm': '명석환'}],"[{'companyCd': '20154628', 'companyNm': '(주)영화사 사계절'}]"
20183636,야한 정사의 맛 - 무삭제판,,2018.0,20181107,장편,개봉,한국,멜로/로맨스,한국,멜로/로맨스,[{'peopleNm': '이민'}],"[{'companyCd': '20063099', 'companyNm': '(주)케이알씨지'}]"
20182748,알리바이 닷 컴,Alibi.com,2017.0,20181107,장편,개봉,프랑스,"코미디,멜로/로맨스",프랑스,코미디,[{'peopleNm': '필리프 라슈'}],[]
20182693,구스범스: 몬스터의 역습,Goosebumps 2: Haunted Halloween,2018.0,20181107,장편,개봉,미국,"판타지,어드벤처",미국,판타지,[{'peopleNm': '아리 산델'}],[]
20185587,엄마의 연애 무삭제,,2018.0,20181106,장편,개봉,한국,멜로/로맨스,한국,멜로/로맨스,[{'peopleNm': '임현태'}],"[{'companyCd': '20161021', 'companyNm': '(주)영화사가을'}]"
20175190,어쌔신네이션,Assassination of a High School President,2008.0,20181106,장편,개봉,미국,"코미디,범죄",미국,코미디,[{'peopleNm': '브렛 사이먼'}],[]
20181862,새오빠2 무삭제,,2018.0,20181106,장편,개봉,한국,멜로/로맨스,한국,멜로/로맨스,[{'peopleNm': '조태호'}],"[{'companyCd': '20161021', 'companyNm': '(주)영화사가을'}]"
20182384,바람난 여자들2 무삭제,,2017.0,20181106,장편,개봉,한국,멜로/로맨스,한국,멜로/로맨스,[{'peopleNm': '조태호'}],"[{'companyCd': '20161021', 'companyNm': '(주)영화사가을'}]"
20183509,과외의 추억-무삭제,,2018.0,20181105,장편,개봉,한국,멜로/로맨스,한국,멜로/로맨스,[{'peopleNm': '김다니엘'}],"[{'companyCd': '20130184', 'companyNm': '스마일컨텐츠'}]"
20183667,거유 며느리의 은밀한 일탈,MIDARAYOME-03,2017.0,20181105,장편,개봉,일본,"멜로/로맨스,드라마",일본,멜로/로맨스,[{'peopleNm': '키무라 히로유키'}],[]
20183256,엄마 친구 : 매일밤 찾아와 해주는 그녀,,2018.0,20181031,장편,개봉,일본,,일본,,[{'peopleNm': '카와이 조지'}],[]
20183140,오르가즘 레스토랑 ,,2018.0,20181030,장편,개봉,한국,,한국,,[{'peopleNm': '제임스 김'}],"[{'companyCd': '20100142', 'companyNm': '(주)씨맥스커뮤니케이션즈'}]"
20183239,안나카레니나: 브론스키 백작의 사랑,Anna Karenina. Vronsky’s Story,2017.0,20181030,장편,개봉,러시아,드라마,러시아,드라마,[{'peopleNm': '카렌 샤크나자로브'}],[]
20183240,디시젼: 리퀴데이션,Decision: Liquidation,2018.0,20181030,장편,개봉,러시아,액션,러시아,액션,[],[]
20183473,친구엄마들: 맛있는 섹스(감독판),,2018.0,20181030,장편,개봉,한국,멜로/로맨스,한국,멜로/로맨스,[{'peopleNm': '강정훈'}],"[{'companyCd': '20112175', 'companyNm': '(주)소나무픽쳐스'}]"
20183472,착한 처제들 2018,,2018.0,20181030,장편,개봉,한국,멜로/로맨스,한국,멜로/로맨스,[{'peopleNm': '강정훈'}],"[{'companyCd': '20112175', 'companyNm': '(주)소나무픽쳐스'}]"
20183076,어벤져스 그림: 시간 전쟁,Avengers Grimm: Time Wars,2018.0,20181030,장편,개봉,미국,"액션,어드벤처",미국,액션,[{'peopleNm': '맥시밀리언 엘펠트'}],[]
20182495,톡식 어벤져,"The Musical Toxic Avenger, 2018",2018.0,20181013,장편,개봉,미국,"뮤지컬,코미디,공포(호러)",미국,뮤지컬,[{'peopleNm': '닉 모리스'}],[]
20182695,미투 숨겨진진실 무삭제,,2018.0,20181026,장편,개봉,한국,,한국,,[{'peopleNm': '마현진'}],"[{'companyCd': '20189441', 'companyNm': '노다지엔터테인먼트'}]"
20182753,이웃집 아내,,2018.0,20181025,장편,개봉,한국,"멜로/로맨스,드라마",한국,멜로/로맨스,[{'peopleNm': '한동호'}],"[{'companyCd': '20121880', 'companyNm': '라온컴퍼니'}]"
20182283,정조관념 없는 유부녀,Tanin-no-tsumahodo Iyarashii,2017.0,20181102,장편,개봉,일본,성인물(에로),일본,성인물(에로),[{'peopleNm': '이즈미 유스이'}],[]
20182286,음란한 시아버지와 신혼며느리,Niiduma Kuzushi,2017.0,20181102,장편,개봉,일본,성인물(에로),일본,성인물(에로),[{'peopleNm': '이즈미 류지'}],[]
20182288,유부녀 육체 상담실,Hitoduma Futei Sodanshitsu,2017.0,20181102,장편,개봉,일본,성인물(에로),일본,성인물(에로),[{'peopleNm': '아카바네 키쿠지로'}],[]
20182287,야한치마 내리기,Hitoduma Sei Dorei Mei Kurose,2017.0,20181102,장편,개봉,일본,성인물(에로),일본,성인물(에로),[{'peopleNm': '아카바네 키쿠지로'}],[]
20182282,아로마마사지 교육사,Sex Service in Aromatherapist School,2017.0,20181102,장편,개봉,일본,성인물(에로),일본,성인물(에로),[{'peopleNm': '나베 아츠시'}],[]
20182285,아내가 남자에게 안기는 이유,Haitoku Furin-jigoku,2017.0,20181102,장편,개봉,일본,성인물(에로),일본,성인물(에로),[{'peopleNm': '이즈미 류지'}],[]
20182284,새엄마의 절대비밀,Dannani-kakurete-suru Okusama-tono○×△,2017.0,20181102,장편,개봉,일본,성인물(에로),일본,성인물(에로),[{'peopleNm': '이즈미 류지'}],[]
20182260,목욕하는 불륜사랑,Housewives' Creampie Affairs 2,2017.0,20181102,장편,개봉,일본,성인물(에로),일본,성인물(에로),[{'peopleNm': '사카타 히로키'}],[]
20182289,남편의 형의 유혹,Yuwaku Kotobanannte Iranai,2017.0,20181102,장편,개봉,일본,성인물(에로),일본,성인물(에로),[{'peopleNm': '이즈미 류지'}],[]
20182910,섹시 악마의 탐욕,,2017.0,20181022,장편,개봉,일본,기타,일본,기타,[{'peopleNm': '아사기리 키요시'}],[]
20182911,색몽 H컵의 유혹,,2018.0,20181022,장편,개봉,일본,기타,일본,기타,[{'peopleNm': '아사기리 키요시'}],[]
20183254,제5의 존재,5th kind,2017.0,20181018,장편,개봉,미국,공포(호러),미국,공포(호러),[],[]
20189625,예쁜누나,,2018.0,20181018,장편,개봉,한국,"멜로/로맨스,드라마",한국,멜로/로맨스,[{'peopleNm': '준세'}],"[{'companyCd': '20174681', 'companyNm': '(주)마이애미미디어'}]"
20183255,로스트: 직소 퍼즐,Jigsaw Puzzle,2018.0,20181018,장편,개봉,미국,공포(호러),미국,공포(호러),[],[]
20181084,친애하는 우리 아이,Dear Etranger ,2017.0,20181101,장편,개봉,일본,"드라마,가족",일본,드라마,[{'peopleNm': '미시마 유키코'}],[]
20181064,유부녀들의 맛,,2018.0,20181101,장편,개봉,한국,멜로/로맨스,한국,멜로/로맨스,[{'peopleNm': '유해종'}],"[{'companyCd': '20161021', 'companyNm': '(주)영화사가을'}]"
20182962,음란상사 신입사원 길들이기 ,Beautiful Secretary,2018.0,20181016,장편,개봉,일본,드라마,일본,드라마,[{'peopleNm': '우스바시 스이'}],[]
20183044,장모님들,,2018.0,20181016,장편,개봉,한국,멜로/로맨스,한국,멜로/로맨스,[{'peopleNm': '강정훈'}],"[{'companyCd': '20112175', 'companyNm': '(주)소나무픽쳐스'}]"
20183025,두 엄마 2018,,2018.0,20181016,장편,개봉,한국,멜로/로맨스,한국,멜로/로맨스,[{'peopleNm': '이진'}],"[{'companyCd': '20112175', 'companyNm': '(주)소나무픽쳐스'}]"
20183045,내 친구의 엄마들(감독판),,2018.0,20181016,장편,개봉,한국,멜로/로맨스,한국,멜로/로맨스,[{'peopleNm': '강정훈'}],"[{'companyCd': '20112175', 'companyNm': '(주)소나무픽쳐스'}]"
20181671,정신병원,Inoperable,2017.0,20181013,장편,개봉,미국,공포(호러),미국,공포(호러),[{'peopleNm': '크리스토퍼 로렌스 채프먼'}],[]
20180829,이탈리안 마피아,Backfire,2017.0,20181013,장편,개봉,미국,"범죄,드라마",미국,범죄,[{'peopleNm': '데이브 패튼'}],[]
20182746,엄마 친구들과의 정사(감독판),,2018.0,20181012,장편,개봉,한국,멜로/로맨스,한국,멜로/로맨스,[{'peopleNm': '강정훈'}],"[{'companyCd': '20112175', 'companyNm': '(주)소나무픽쳐스'}]"
20188841,걷기 좋은 날,A Fine Day to Walk,2015.0,20181012,장편,개봉,한국,드라마,한국,드라마,[{'peopleNm': '박용주'}],"[{'companyCd': '20110861', 'companyNm': '(주)웃기씨네'}]"
20180986,완전한 사육: 감금의 미학,,2018.0,20181011,장편,개봉,한국,멜로/로맨스,한국,멜로/로맨스,[{'peopleNm': '이동현'}],"[{'companyCd': '20063099', 'companyNm': '(주)케이알씨지'}]"
20182649,친구 엄마들 2018,,2018.0,20181010,장편,개봉,한국,멜로/로맨스,한국,멜로/로맨스,[{'peopleNm': '이진'}],"[{'companyCd': '20112175', 'companyNm': '(주)소나무픽쳐스'}]"
20182404,착한 친구엄마,,2017.0,20181008,장편,개봉,한국,멜로/로맨스,한국,멜로/로맨스,[{'peopleNm': '이진명'}],"[{'companyCd': '20112175', 'companyNm': '(주)소나무픽쳐스'}]"
20181880,파이널 매치,Bound by Debt ,2018.0,20181007,장편,개봉,미국,액션,미국,액션,[],[]
20180830,프로젝트 : 에덴,Project Eden: Vol. 1,2017.0,20181006,장편,개봉,"미국,뉴질랜드,호주","SF,스릴러",미국,SF,"[{'peopleNm': '애슐리 젠슨'}, {'peopleNm': '테랜스 M. 영'}]",[]
20183320,블러드 오렌지,Blood Orange,2015.0,20181031,장편,개봉,영국,스릴러,영국,스릴러,[{'peopleNm': '토비 토비아스'}],[]
20180987,할로윈,Halloween,2018.0,20181031,장편,개봉,미국,공포(호러),미국,공포(호러),[{'peopleNm': '데이빗 고든 그린'}],[]
20177489,코지 판 투테,Cosi fan tutte,,20181006,장편,개봉,미국,공연,미국,공연,[],[]
20181670,살인의 흉터,Scarred,2016.0,20181006,장편,개봉,미국,공포(호러),미국,공포(호러),[{'peopleNm': '에디 렝겔'}],[]
20181404,벽 속에 숨은 마법시계,The house with a clock in its walls,2018.0,20181031,장편,개봉,미국,"판타지,공포(호러),미스터리,SF,스릴러",미국,판타지,[{'peopleNm': '일라이 로스'}],[]
20181171,바울,"Paul, Apostle Of Christ",2018.0,20181031,장편,개봉,미국,드라마,미국,드라마,[{'peopleNm': '앤드류 하얏트'}],[]
20180488,밀애 : 친구의 아내,,2018.0,20181031,장편,개봉,한국,멜로/로맨스,한국,멜로/로맨스,[{'peopleNm': '유해종'}],"[{'companyCd': '20161021', 'companyNm': '(주)영화사가을'}]"
20181879,나츠메 우인장: 세상과 연을 맺다,Natsume Yujin-cho the Movie: Ephemeral Bond,2018.0,20181031,장편,개봉,일본,애니메이션,일본,애니메이션,"[{'peopleNm': '오오모리 타카히로'}, {'peopleNm': '이토 히데키'}]",[]
20181026,극장판 진격의 거인 2기: 각성의 포효,Attack on Titan - Animation Movie Season 2,2018.0,20181031,장편,개봉,일본,"애니메이션,SF",일본,애니메이션,[{'peopleNm': '마사시 코이즈카'}],[]
20183208,하숙집 여자들 무삭제,,2018.0,20181030,장편,개봉,한국,멜로/로맨스,한국,멜로/로맨스,[{'peopleNm': '조태호'}],"[{'companyCd': '20161021', 'companyNm': '(주)영화사가을'}]"
20183464,착한 엄마:사랑을 배우다,Katei LOVE,2017.0,20181030,장편,개봉,일본,"멜로/로맨스,드라마",일본,멜로/로맨스,[{'peopleNm': '히로아키'}],[]
20183467,지금 하고 싶어,"Anata,Gomennasai-2",2016.0,20181030,장편,개봉,일본,"멜로/로맨스,드라마",일본,멜로/로맨스,[{'peopleNm': '나쿠루 하라다'}],[]
20183468,젊은 아내:홍콩 가는 날,"Gomennasai, Mouanatatoha",2016.0,20181030,장편,개봉,일본,"멜로/로맨스,드라마",일본,멜로/로맨스,[{'peopleNm': '후지모토 죠지'}],[]
20183463,잠든 남편 옆에서 하다,Apatono Tuma,2017.0,20181030,장편,개봉,일본,"멜로/로맨스,드라마",일본,멜로/로맨스,[{'peopleNm': '안도 본'}],[]
20183469,음탕한 아내의 은밀한 오후,MIDARAYOME-02,2017.0,20181030,장편,개봉,일본,"멜로/로맨스,드라마",일본,멜로/로맨스,[{'peopleNm': '키무라 히로유키'}],[]
20183471,아내를 빌려드립니다,Rentarutuma5,2017.0,20181030,장편,개봉,일본,"멜로/로맨스,드라마",일본,멜로/로맨스,[{'peopleNm': '토미죠 타로'}],[]
20183470,사모님의 욕정을 채워준 남편 부하,Kaomisirihujyo3,2017.0,20181030,장편,개봉,일본,"멜로/로맨스,드라마",일본,멜로/로맨스,[{'peopleNm': '토미죠 타로'}],[]
20183466,바람난 유부녀들,Yaritakutesikataganai,2016.0,20181030,장편,개봉,일본,"멜로/로맨스,드라마",일본,멜로/로맨스,[{'peopleNm': '후지모토 죠지'}],[]
20183465,매춘 일본판,onnadatinoerosu,2016.0,20181030,장편,개봉,일본,"멜로/로맨스,드라마",일본,멜로/로맨스,[{'peopleNm': '후지모토 죠지'}],[]
20182749,마녀의 덫 : 마법의 슬리핑 뷰티,Sleeping Beauty,2014.0,20181030,장편,개봉,미국,"액션,드라마,어드벤처",미국,액션,[{'peopleNm': '르네 페르즈'}],[]
20188681,논스톱 플라이트,THE FAST AND THE FIERCE,2017.0,20181030,장편,개봉,미국,"액션,스릴러",미국,액션,[{'peopleNm': '론 손턴'}],[]
20183287,그루피: 사생팬,Groupie,2010.0,20181023,장편,개봉,미국,"범죄,스릴러",미국,범죄,[{'peopleNm': '마크 L. 레스터'}],[]
20181004,네 얼간이와 장례식,A FEW LESS MEN,2017.0,20181004,장편,개봉,호주,코미디,호주,코미디,[{'peopleNm': '마크 램프렐'}],[]
20175865,너와 극장에서,Cinema with You,2017.0,20180628,옴니버스,개봉,한국,드라마,한국,드라마,"[{'peopleNm': '유지영'}, {'peopleNm': '정가영'}, {'peopleNm': '김태진'}, {'peopleNm': '정가영'}]","[{'companyCd': '20063246', 'companyNm': '서울독립영화제'}]"
20183405,우리가족같이,,2018.0,20181029,장편,개봉,한국,멜로/로맨스,한국,멜로/로맨스,[{'peopleNm': '감수성'}],"[{'companyCd': '20160221', 'companyNm': '(주)투모션'}]"
20189142,스위밍 위드 맨,Swimming with Men,2018.0,20181027,장편,개봉,영국,"코미디,드라마,멜로/로맨스",영국,코미디,[{'peopleNm': '올리버 파커'}],[]
20174647,튼튼이의 모험,Loser's Adventure,2017.0,20180621,장편,개봉,한국,코미디,한국,코미디,[{'peopleNm': '고봉수'}],[]
20176785,새벽을 알리는 루의 노래,Lu over the wall,2017.0,20180131,장편,개봉,일본,애니메이션,일본,애니메이션,[{'peopleNm': '유아사 마사아키'}],[]
20183004,알.이.씨 : 라스트 프리즌,Against The Night,2017.0,20181016,장편,개봉,미국,"공포(호러),미스터리,스릴러",미국,공포(호러),[{'peopleNm': '브라이언 카발라로'}],[]
20178180,동화,DONG-HWA,2017.0,20181025,장편,개봉,한국,드라마,한국,드라마,[{'peopleNm': '손일성'}],"[{'companyCd': '20141168', 'companyNm': '영화사 손가락'}]"
20187427,명탐정 코난 : 제로의 집행인,Detective Conan: Zero the Enforcer,2018.0,20180808,장편,개봉,일본,애니메이션,일본,애니메이션,[{'peopleNm': '타치카와 유즈루'}],[]
20186184,스페이스 치킨: 마법 부적의 비밀,Space Chicken,2017.0,20181025,장편,개봉,미국,"애니메이션,SF,코미디,어드벤처",미국,애니메이션,"[{'peopleNm': '알렉스 오렐'}, {'peopleNm': '에두와르도 슐츠'}]",[]
20187294,프리다의 그해 여름,Summer 1993,2017.0,20181025,장편,개봉,스페인,드라마,스페인,드라마,[{'peopleNm': '카를라 시몬'}],[]
20183447,친구의 엄마 2018,Nerawareta Bijinngibo 5,2017.0,20181025,장편,개봉,일본,"멜로/로맨스,드라마",일본,멜로/로맨스,[{'peopleNm': '키무라 히로유키'}],[]
20183066,옆집소녀2,,2018.0,20181025,장편,개봉,한국,멜로/로맨스,한국,멜로/로맨스,[{'peopleNm': '성기만'}],"[{'companyCd': '20130184', 'companyNm': '스마일컨텐츠'}]"
20183210,어린 처형,,2018.0,20181025,장편,개봉,한국,멜로/로맨스,한국,멜로/로맨스,[{'peopleNm': '계장혁'}],"[{'companyCd': '20173121', 'companyNm': '너바나 필름'}]"
20183074,어린 새엄마-무삭제판,,2018.0,20181024,장편,개봉,한국,멜로/로맨스,한국,멜로/로맨스,[{'peopleNm': '이전'}],"[{'companyCd': '20063099', 'companyNm': '(주)케이알씨지'}]"
20183147,마지막 정사: 여럿이 다같이-무삭제판,,2018.0,20181023,장편,개봉,한국,멜로/로맨스,한국,멜로/로맨스,[{'peopleNm': '이전'}],"[{'companyCd': '20063099', 'companyNm': '(주)케이알씨지'}]"
20187293,라스트 솔져스: 최후의 결전,Cyborgs: Heroes Never Die,2017.0,20181025,장편,개봉,우크라이나,"액션,전쟁,드라마",우크라이나,액션,[{'peopleNm': '아카텐 세이타블라예프'}],[]
20183448,남편에게 들켰다,Sekandoba-jin,2017.0,20181025,장편,개봉,일본,"멜로/로맨스,드라마",일본,멜로/로맨스,[{'peopleNm': '토미죠 타로'}],[]
20181672,개인교수 : 성적 올리기,,2018.0,20181025,장편,개봉,한국,멜로/로맨스,한국,멜로/로맨스,[{'peopleNm': '유해종'}],"[{'companyCd': '20161021', 'companyNm': '(주)영화사가을'}]"
20182403,크레이지 리치 아시안,Crazy Rich Asians,2018.0,20181025,장편,개봉,미국,"멜로/로맨스,코미디",미국,멜로/로맨스,[{'peopleNm': '존 추'}],[]
20180555,엘 마르,Between Sea and Land,2015.0,20181025,장편,개봉,콜롬비아,드라마,콜롬비아,드라마,"[{'peopleNm': '마놀로 크루즈'}, {'peopleNm': '카를로스 델 카스티요'}]",[]
20183048,"작년 겨울, 너와 이별","Last winter, we parted ",2018.0,20181018,장편,개봉,일본,"스릴러,드라마",일본,스릴러,[{'peopleNm': '타키모토 토모유키'}],[]
20182822,바람난 아내들,,2018.0,20181023,장편,개봉,한국,멜로/로맨스,한국,멜로/로맨스,[{'peopleNm': '장두만'}],"[{'companyCd': '20173401', 'companyNm': '(주)케이피에이기획'}]"
20183218,바람난 가족:엄마의 남자,Naiennno Otoko,2016.0,20181023,장편,개봉,일본,"멜로/로맨스,드라마",일본,멜로/로맨스,[{'peopleNm': '후지모토 죠지'}],[]
20183139,남편 말고 다른 남자-하고 또 하고,Jyoujinojyuku,2016.0,20181023,장편,개봉,일본,"멜로/로맨스,드라마",일본,멜로/로맨스,[{'peopleNm': '후지모토 죠지'}],[]
20183219,나의 새엄마,Giboyuoukyou,2017.0,20181023,장편,개봉,일본,"멜로/로맨스,드라마",일본,멜로/로맨스,[{'peopleNm': '키무라 히로유키'}],[]
20180721,마라,Mara,2018.0,20181018,장편,개봉,미국,"공포(호러),스릴러",미국,공포(호러),[{'peopleNm': '클라이브 톤지'}],[]
20183214,음란 병동:젖어버린 침대,Ike Ike Sukebeojiisan,2017.0,20181022,장편,개봉,일본,"멜로/로맨스,드라마",일본,멜로/로맨스,[{'peopleNm': '밤비노 푸린'}],[]
20183216,보험 레이디:실적을 위해서라면,Urakeieinohokenkannyuu,2016.0,20181022,장편,개봉,일본,"멜로/로맨스,드라마",일본,멜로/로맨스,[{'peopleNm': '후지모토 죠지'}],[]
20183215,바람난 가족:남편은 출장중,Osowaretayome,2017.0,20181022,장편,개봉,일본,"멜로/로맨스,드라마",일본,멜로/로맨스,[{'peopleNm': '무라야마 쿄스케'}],[]
20183217,그녀의 손기술:발기부전 치료 해드려요,Btukihuzenn,2016.0,20181022,장편,개봉,일본,"멜로/로맨스,드라마",일본,멜로/로맨스,[{'peopleNm': '후지모토 죠지'}],[]
20183008,순진한 며느리,Daughter-in-law and mother-in-law,2017.0,20181018,장편,개봉,일본,드라마,일본,드라마,[{'peopleNm': '츠지 코우지'}],[]
20183023,노리개 아줌마,Torture has been married woman,2017.0,20181018,장편,개봉,일본,드라마,일본,드라마,[{'peopleNm': '긴다이치 코고로'}],[]
20189993,츠바사의 알몸 연극,Wandering swallowtail butterfly trout,2017.0,20181019,장편,개봉,일본,성인물(에로),일본,성인물(에로),[{'peopleNm': '사카키 히데오'}],[]
20182445,착한 엄마 2,,2017.0,20181019,장편,개봉,한국,멜로/로맨스,한국,멜로/로맨스,[{'peopleNm': '곽영근'}],"[{'companyCd': '20154628', 'companyNm': '(주)영화사 사계절'}, {'companyCd': '20160321', 'companyNm': '대호필름'}]"
20180009,여친과 여친엄마,Too Sexy Girlfriend's Mother,2017.0,20181019,장편,개봉,일본,성인물(에로),일본,성인물(에로),[{'peopleNm': '모리 신이치'}],[]
20180008,속옷벗은 미용사,Can I Fuck Dirty Beautician ?,2017.0,20181019,장편,개봉,일본,성인물(에로),일본,성인물(에로),[{'peopleNm': '오우치 아이리'}],[]
20180010,미니스커트의 영어선생님,I will tie up the secret of a female teacher,2017.0,20181019,장편,개봉,일본,성인물(에로),일본,성인물(에로),[{'peopleNm': '요시유키 유미'}],[]
20180011,거유 여관의 온천욕탕,Boyne's Old Milf Grand Banquet!,2017.0,20181019,장편,개봉,일본,성인물(에로),일본,성인물(에로),[{'peopleNm': '이오리 료코'}],[]
20180671,호밀밭의 반항아,Rebel in the Rye,2017.0,20181018,장편,개봉,미국,드라마,미국,드라마,[{'peopleNm': '대니 스트롱'}],[]
20181163,핫 썸머 나이츠,Hot Summer Nights,2018.0,20181018,장편,개봉,미국,드라마,미국,드라마,[{'peopleNm': '엘리야 바이넘'}],[]
20187521,펭귄 하이웨이,Penguin Highway,2018.0,20181018,장편,개봉,일본,"애니메이션,어드벤처,판타지",일본,애니메이션,[{'peopleNm': '이시다 히로야스'}],[]
20186321,퍼스트맨,First Man,2018.0,20181018,장편,개봉,미국,"SF,드라마",미국,SF,[{'peopleNm': '데이미언 셔젤'}],[]
20181082,인피니티 포스 : 독수리오형제 최후의 심판,Infini-T Force Movie,2018.0,20181018,장편,개봉,일본,애니메이션,일본,애니메이션,[{'peopleNm': '마츠모토 준'}],[]
20186567,이블데드 본리스,Bornless Ones,2016.0,20181018,장편,개봉,미국,공포(호러),미국,공포(호러),[{'peopleNm': '알렉산더 바바에브'}],[]
20183123,양의 나무,The Scythian Lamb,2017.0,20181018,장편,개봉,일본,스릴러,일본,스릴러,[{'peopleNm': '요시다 다이하치'}],[]
20180628,액슬,A-X-L,2018.0,20181018,장편,개봉,미국,"액션,어드벤처",미국,액션,[{'peopleNm': '올리버 달리'}],[]
20188334,미드나잇 맨,The Midnight Man,2017.0,20180812,장편,개봉,미국,"공포(호러),코미디,스릴러",미국,공포(호러),[{'peopleNm': '아이토르 유발리'}],[]
20183046,외도:남편 상사와의 하룻밤,Dannano jyousitohurin,2016.0,20181017,장편,개봉,일본,"멜로/로맨스,드라마",일본,멜로/로맨스,[{'peopleNm': '나쿠루 하라다'}],[]
20179345,불륜 동창회 무삭제,,2017.0,20181016,장편,개봉,한국,멜로/로맨스,한국,멜로/로맨스,[{'peopleNm': '조태호'}],"[{'companyCd': '20161021', 'companyNm': '(주)영화사가을'}]"
20182965,맛있는 섹스 누나 친구-무삭제판,,2018.0,20181016,장편,개봉,한국,멜로/로맨스,한국,멜로/로맨스,[{'peopleNm': '이전'}],"[{'companyCd': '20063099', 'companyNm': '(주)케이알씨지'}]"
20182338,룸싸롱 여대생들 무삭제,,2018.0,20181016,장편,개봉,한국,멜로/로맨스,한국,멜로/로맨스,[{'peopleNm': '조태호'}],"[{'companyCd': '20161021', 'companyNm': '(주)영화사가을'}]"
20182243,데드 리스트,Dead list,2018.0,20181016,장편,개봉,미국,공포(호러),미국,공포(호러),"[{'peopleNm': '홀든 앤드루스'}, {'peopleNm': '이반 아센'}, {'peopleNm': '빅터 마티유'}]",[]
20173734,죄 많은 소녀,After My Death,2017.0,20180913,장편,개봉,한국,"드라마,미스터리",한국,드라마,[{'peopleNm': '김의석'}],"[{'companyCd': '20100572', 'companyNm': '한국영화아카데미'}]"
20189268,루이스,Luis and the Aliens,2018.0,20180920,장편,개봉,독일,애니메이션,독일,애니메이션,"[{'peopleNm': '울프강 라우엔슈타인'}, {'peopleNm': '크리스토프 라우엔슈타인'}]",[]
20189462,셜록 놈즈,Sherlock Gnomes,2018.0,20181003,장편,개봉,미국,"애니메이션,코미디",미국,애니메이션,[{'peopleNm': '존 스티븐슨'}],[]
20187121,리:본,RE:BORN,2016.0,20180725,장편,개봉,일본,액션,일본,액션,[{'peopleNm': '시모무라 유지'}],[]
20180163,뉴욕 라이브러리에서,Ex Libris: New York Public Library,2017.0,20181011,장편,개봉,미국,다큐멘터리,미국,다큐멘터리,[{'peopleNm': '프레데릭 와이즈만'}],[]
20188661,에브리데이,EVERY DAY,2018.0,20181011,장편,개봉,미국,멜로/로맨스,미국,멜로/로맨스,[{'peopleNm': '마이클 수지'}],[]
20182615,착한여선생,,2018.0,20181012,장편,개봉,한국,멜로/로맨스,한국,멜로/로맨스,[{'peopleNm': '최은정'}],"[{'companyCd': '20130184', 'companyNm': '스마일컨텐츠'}]"
20181466,착한 자매들,,2018.0,20181012,장편,개봉,한국,멜로/로맨스,한국,멜로/로맨스,[{'peopleNm': '김부곤'}],"[{'companyCd': '20161021', 'companyNm': '(주)영화사가을'}]"
20180585,유부녀 미용사의 유혹,Sex Trial at Beauty Shop 3,2017.0,20181012,장편,개봉,일본,성인물(에로),일본,성인물(에로),[{'peopleNm': '카토 미키'}],[]
20180007,보험왕의 육체계약,Sensual Insurance Saleswomen 2,2017.0,20181012,장편,개봉,일본,성인물(에로),일본,성인물(에로),[{'peopleNm': '사카타 히로키'}],[]
20180586,노출을 즐기는 간호사,Female Flashers of Hospital Nurse,2017.0,20181012,장편,개봉,일본,성인물(에로),일본,성인물(에로),[{'peopleNm': '오우치 아이리'}],[]
20182770,내아들의여자들-무삭제,,2018.0,20181012,장편,개봉,한국,멜로/로맨스,한국,멜로/로맨스,[{'peopleNm': '남현수'}],"[{'companyCd': '20130184', 'companyNm': '스마일컨텐츠'}]"
20179189,암수살인,Dark Figure of Crime,2017.0,20181003,장편,개봉,한국,"범죄,드라마",한국,범죄,[{'peopleNm': '김태균'}],"[{'companyCd': '20189241', 'companyNm': '(주)필름295'}, {'companyCd': '20154810', 'companyNm': '(주)블러썸픽쳐스'}]"
20185902,여자라는 이름으로,Name Of A Woman,2018.0,20181011,장편,개봉,프랑스,드라마,프랑스,드라마,[{'peopleNm': '마르코 툴리오 지오다나'}],[]
20180047,스텝 바이 스텝,Step By Step,2016.0,20181011,장편,개봉,프랑스,드라마,프랑스,드라마,"[{'peopleNm': '그랜드 콥스 마라드'}, {'peopleNm': '메흐디 이디르'}]",[]
20182907,헤픈 아내:남편보다 이웃 노인,RoujintoLOVE,2017.0,20181011,장편,개봉,일본,"멜로/로맨스,드라마",일본,멜로/로맨스,[{'peopleNm': '토미죠 타로'}],[]
20182906,정사:유부녀가 된 첫사랑,Motonokerenihoretatuma,2017.0,20181011,장편,개봉,일본,"멜로/로맨스,드라마",일본,멜로/로맨스,[{'peopleNm': '토미죠 타로'}],[]
20182897,아내의 나쁜 섹스,Hurintumawomodose!,2017.0,20181011,장편,개봉,일본,"멜로/로맨스,드라마",일본,멜로/로맨스,[{'peopleNm': '나가에 타카미'}],[]
20182586,맛있는 아내,,2018.0,20181011,장편,개봉,한국,"멜로/로맨스,드라마",한국,멜로/로맨스,[{'peopleNm': '노현진'}],"[{'companyCd': '20174681', 'companyNm': '(주)마이애미미디어'}]"
20182899,동정 탈출!여배우의 성교육,Erobon,2018.0,20181011,장편,개봉,일본,"멜로/로맨스,드라마",일본,멜로/로맨스,[{'peopleNm': '이케지마 유타카'}],[]
20180624,킨: 더 비기닝,Kin,2018.0,20181011,장편,개봉,미국,"미스터리,액션",미국,미스터리,"[{'peopleNm': '조나단 베이커'}, {'peopleNm': '조쉬 베이커'}]",[]
20189067,미쓰백,Miss Baek,2017.0,20181011,장편,개봉,한국,드라마,한국,드라마,[{'peopleNm': '이지원'}],"[{'companyCd': '20154008', 'companyNm': '영화사 배'}]"
20189069,데스 위시,DEATH WISH,2018.0,20181011,장편,개봉,미국,"액션,범죄,드라마,스릴러",미국,액션,[{'peopleNm': '일라이 로스'}],[]
20181262,노크: 초대받지 않은 손님,Strangers: Prey at Night,2018.0,20181011,장편,개봉,미국,"공포(호러),스릴러",미국,공포(호러),[{'peopleNm': '조하네스 로버츠'}],[]
20185222,체실 비치에서,On Chesil Beach,2017.0,20180920,장편,개봉,영국,"드라마,멜로/로맨스",영국,드라마,[{'peopleNm': '도미닉 쿡'}],[]
20181382,위자: 마지막 게임,Ouija seance: The Final Game,2018.0,20181005,장편,개봉,미국,공포(호러),미국,공포(호러),[{'peopleNm': '안드레아 무냐이니'}],[]
20181403,로보캅: 최후의 전쟁,Defective,2018.0,20181005,장편,개봉,미국,"SF,액션",미국,SF,[{'peopleNm': '리스 에벤센'}],[]
20180523,스타 이즈 본,A Star Is Born,2018.0,20181009,장편,개봉,미국,"드라마,멜로/로맨스",미국,드라마,[{'peopleNm': '브래들리 쿠퍼'}],[]
20180770,다이노 어드벤처2: 육해공 공룡 대백과,Planet Dinosaur,2018.0,20181009,장편,개봉,영국,"애니메이션,액션,가족",영국,애니메이션,[{'peopleNm': '마이크 데블린'}],[]
20180931,극장판 가면라이더 이그제이드: 트루 엔딩,Kamen Rider Ex-Aid: True Ending,2017.0,20181009,장편,개봉,일본,"액션,애니메이션",일본,액션,[{'peopleNm': '나카자와 쇼지로'}],[]
20180787,맥베스,MACBETH,2018.0,20181003,장편,개봉,영국,공연,영국,공연,[{'peopleNm': '필리다 로이드'}],[]
20186663,뷰티풀 뱀파이어,Beautiful Vampire,2018.0,20181008,장편,개봉,한국,"판타지,드라마,멜로/로맨스",한국,판타지,[{'peopleNm': '정은경'}],"[{'companyCd': '20175685', 'companyNm': '(주)싸이런픽쳐스'}]"
20181723,맥베스,Macbeth,2018.0,20181007,장편,개봉,독일,"공연,드라마",독일,공연,[{'peopleNm': '해리 쿠퍼'}],[]
20189183,나의 마지막 수트,The Last Suit,2017.0,20180906,장편,개봉,"아르헨티나,스페인",드라마,아르헨티나,드라마,[{'peopleNm': '파블로 솔라즈'}],[]
20180006,아이돌의 속옷구경,Be fucked by Moe Sorry Idol Ecstasy!,2017.0,20181005,장편,개봉,일본,성인물(에로),일본,성인물(에로),[{'peopleNm': '쿠니자와 미노루'}],[]
20180005,돈으로 산 그녀의 정사,Two drowning love more love it,2017.0,20181005,장편,개봉,일본,성인물(에로),일본,성인물(에로),[{'peopleNm': '아라키 타로'}],[]
20180004,너의 첫 경험은 내가 가지겠어,Lusty flowering! A fascinating love house,2017.0,20181005,장편,개봉,일본,성인물(에로),일본,성인물(에로),[{'peopleNm': '이케시마 유타카'}],[]
20189990,당신이 너무 만족스러워,Nestsick wife soft skin getting wet,2017.0,20181005,장편,개봉,일본,성인물(에로),일본,성인물(에로),[{'peopleNm': '쿠니자와 미노루'}],[]
20167903,원더풀 고스트,THE SOUL-MATE,2018.0,20180926,장편,개봉,한국,"코미디,드라마,범죄",한국,코미디,[{'peopleNm': '조원희'}],"[{'companyCd': '20188142', 'companyNm': '(주)데이드림엔터테인먼트'}]"
20173865,데자뷰,DEJA VU,2018.0,20180530,장편,개봉,한국,"미스터리,스릴러",한국,미스터리,[{'peopleNm': '고경민'}],"[{'companyCd': '20153568', 'companyNm': '(주)스톰픽쳐스코리아'}, {'companyCd': '20130105', 'companyNm': '(주)원픽쳐스'}]"
20175527,더 펜션,The Pension,2017.0,20180621,장편,개봉,한국,드라마,한국,드라마,"[{'peopleNm': '류장하'}, {'peopleNm': '양종현'}, {'peopleNm': '윤창모'}, {'peopleNm': '정허덕재'}]","[{'companyCd': '20123320', 'companyNm': '(주)조이래빗'}, {'companyCd': '2013214', 'companyNm': '(주)제이콘컴퍼니'}]"
20180282,속닥속닥,The Whispering,2018.0,20180713,장편,개봉,한국,"공포(호러),미스터리",한국,공포(호러),[{'peopleNm': '최상훈'}],"[{'companyCd': '20188601', 'companyNm': '(주)파이브데이'}]"
20186565,이비자 언데드,Ibiza Undead,2016.0,20181004,장편,개봉,영국,"액션,공포(호러)",영국,액션,[{'peopleNm': '앤디 에드워드'}],[]
20180194,배틀쉽: 라스트 솔져,Battalion,2018.0,20181004,장편,개봉,호주,액션,호주,액션,[{'peopleNm': '마이클 밀러'}],[]
20182368,옆집 사는 젊은 아줌마,Playing with fire of wife,2017.0,20181004,장편,개봉,일본,드라마,일본,드라마,[{'peopleNm': '크왓치'}],[]
20184381,여친 언니,,2018.0,20181004,장편,개봉,한국,멜로/로맨스,한국,멜로/로맨스,[{'peopleNm': '조태호'}],"[{'companyCd': '20161021', 'companyNm': '(주)영화사가을'}]"
20180673,에일리언 킬러,Killers Within,2018.0,20181004,장편,개봉,영국,"액션,공포(호러)",영국,액션,[{'peopleNm': '폴 부쉬'}],[]
20182068,맛있는 세자매,,2018.0,20181004,장편,개봉,한국,멜로/로맨스,한국,멜로/로맨스,[{'peopleNm': '장두만'}],"[{'companyCd': '20173401', 'companyNm': '(주)케이피에이기획'}]"
20182367,거유 여사장의 약점,The price of the female president who betrayed her husband,2017.0,20181004,장편,개봉,일본,드라마,일본,드라마,[{'peopleNm': '긴다이치 코고로'}],[]
20189806,토이무비: 미래대모험,Tea Pets,2017.0,20181003,장편,개봉,중국,"애니메이션,어드벤처",중국,애니메이션,[{'peopleNm': '게리 왕'}],[]
20177221,베놈,Venom,2018.0,20181003,장편,개봉,미국,"액션,SF,스릴러",미국,액션,[{'peopleNm': '루벤 플레셔'}],[]
20181170,극장판 토미카 하이퍼레스큐 드라이브헤드,THE MOVIE DRIVE HEAD TOMICA HYPER RESCUE,2018.0,20181003,장편,개봉,일본,애니메이션,일본,애니메이션,[{'peopleNm': '카토 타카오'}],[]
20189123,곰돌이 푸 다시 만나 행복해,Christopher Robin,2018.0,20181003,장편,개봉,미국,어드벤처,미국,어드벤처,[{'peopleNm': '마크 포스터'}],[]
20180758,촉산 복마전,THE LEGEND OF ZU,2018.0,20181002,장편,개봉,중국,"액션,판타지",중국,액션,[{'peopleNm': '주준봉'}],[]
20181990,젊은 처제들,,2018.0,20180927,장편,개봉,한국,멜로/로맨스,한국,멜로/로맨스,[{'peopleNm': '강정훈'}],"[{'companyCd': '20112175', 'companyNm': '(주)소나무픽쳐스'}]"
20175587,나비잠,Butterfly Sleep,2017.0,20180906,장편,개봉,"한국,일본",멜로/로맨스,한국,멜로/로맨스,[{'peopleNm': '정재은'}],"[{'companyCd': '20111564', 'companyNm': '(주)영화사조아'}]"
20181422,레더 하우스,My Little Sister,2016.0,20180930,장편,개봉,이탈리아,"공포(호러),스릴러",이탈리아,공포(호러),[{'peopleNm': '마우리지오 델 피콜로'}],[]
20189743,파이널 포트레이트,Final Portrait,2017.0,20180927,장편,개봉,영국,드라마,영국,드라마,[{'peopleNm': '스탠리 투치'}],[]
20189730,콜보이,CALL BOY,2018.0,20180829,장편,개봉,일본,드라마,일본,드라마,[{'peopleNm': '미우라 다이스케'}],[]
20180869,팬텀 스레드,Phantom Thread,2017.0,20180308,장편,개봉,미국,드라마,미국,드라마,[{'peopleNm': '폴 토마스 앤더슨'}],[]
20181668,치에리와 체리,Chieri and Cherry,2015.0,20180927,장편,개봉,일본,애니메이션,일본,애니메이션,[{'peopleNm': '나카무라 마코토'}],[]
20189261,어드리프트:우리가 함께한 바다,ADRIFT ,2018.0,20180906,장편,개봉,미국,"멜로/로맨스,드라마",미국,멜로/로맨스,[{'peopleNm': '발타자르 코루마쿠르'}],[]
20188564,페르시안 커넥션,The Loner,2016.0,20180828,장편,개봉,미국,"액션,범죄",미국,액션,[{'peopleNm': '다니엘 그로브'}],[]
20180283,작전명 비스트,Beast of Burden,2018.0,20180920,장편,개봉,미국,"액션,범죄,스릴러",미국,액션,[{'peopleNm': '예스퍼 갠스란트'}],[]
20180801,몰리스 게임,Molly’s game,2017.0,20180906,장편,개봉,미국,드라마,미국,드라마,[{'peopleNm': '아론 소킨'}],[]
20181002,사라진 시간,The Purging Hour,2016.0,20180923,장편,개봉,미국,공포(호러),미국,공포(호러),[{'peopleNm': '엠마누엘 산도발'}],[]
20183401,봄이가도,After Spring,2017.0,20180913,장편,개봉,한국,드라마,한국,드라마,"[{'peopleNm': '장준엽'}, {'peopleNm': '진청하'}, {'peopleNm': '전신환'}]","[{'companyCd': '20189141', 'companyNm': '왕십리픽쳐스'}]"
20160504,"춘천, 춘천","Autumn, Autumn",2016.0,20180926,장편,개봉,한국,드라마,한국,드라마,[{'peopleNm': '장우진'}],"[{'companyCd': '20161603', 'companyNm': '봄내필름'}]"
20183761,그날의 기억,,2017.0,20180426,장편,개봉,한국,드라마,한국,드라마,[{'peopleNm': '김동후'}],"[{'companyCd': '20187741', 'companyNm': '도너츠엔터테인먼트'}, {'companyCd': '20187761', 'companyNm': '(주)세발자전거 엔터테인먼트'}]"
20179421,참외향기,,2017.0,20180531,장편,개봉,한국,드라마,한국,드라마,[{'peopleNm': '김우석'}],"[{'companyCd': '20173822', 'companyNm': '(주)더블에스'}]"
20189989,청순 요물 유부녀,Wakaduma Hentai Ganbo,2017.0,20181002,장편,개봉,일본,성인물(에로),일본,성인물(에로),[{'peopleNm': '아카바네 키쿠지로'}],[]
20180150,정사 : 친구의 여자를 탐하다,,2018.0,20181002,장편,개봉,한국,멜로/로맨스,한국,멜로/로맨스,"[{'peopleNm': '정완경'}, {'peopleNm': '안상진'}]","[{'companyCd': '20161021', 'companyNm': '(주)영화사가을'}]"
20180014,정사 : 사촌 여동생들,,2018.0,20181002,장편,개봉,한국,멜로/로맨스,한국,멜로/로맨스,"[{'peopleNm': '정완경'}, {'peopleNm': '안상진'}]","[{'companyCd': '20161021', 'companyNm': '(주)영화사가을'}]"
20180003,젊은 직원 맛보기,Seiyoku Yosojitumatati-no Yokubo,2017.0,20181002,장편,개봉,일본,성인물(에로),일본,성인물(에로),[{'peopleNm': '아카바네 키쿠지로'}],[]
20189979,입원환자 부인의 유혹,Uwaki-ga-shidai Hitodumatati,2017.0,20181002,장편,개봉,일본,성인물(에로),일본,성인물(에로),[{'peopleNm': '아카바네 키쿠지로'}],[]
20189980,육체의 뒷거래,SEX Ura-torihiki,2017.0,20181002,장편,개봉,일본,성인물(에로),일본,성인물(에로),[{'peopleNm': '이즈미 류지'}],[]
20180002,실화 섹스전화상담,Okusama Denwa Sodan,2017.0,20181002,장편,개봉,일본,성인물(에로),일본,성인물(에로),[{'peopleNm': '아카바네 류지'}],[]
20189978,실전 에로틱 작업기술,How to Pick Up Working Girls 3,2017.0,20181002,장편,개봉,일본,성인물(에로),일본,성인물(에로),[{'peopleNm': '사카타 히로키'}],[]
20178783,밀애 : 친구엄마 무삭제판,,2017.0,20181002,장편,개봉,한국,멜로/로맨스,한국,멜로/로맨스,[{'peopleNm': '김부곤'}],"[{'companyCd': '20161021', 'companyNm': '(주)영화사가을'}]"
20189988,몰카! 배달온 여자들,Creampie Challenge throughout Japan 2,2017.0,20181002,장편,개봉,일본,성인물(에로),일본,성인물(에로),[{'peopleNm': '사카타 히로키'}],[]
20180115,가정부 : 맛있는 서비스,,2018.0,20181002,장편,개봉,한국,멜로/로맨스,한국,멜로/로맨스,"[{'peopleNm': '정완경'}, {'peopleNm': '안상진'}]","[{'companyCd': '20161021', 'companyNm': '(주)영화사가을'}]"
20189288,트립 투 하코네,Round Trip Heart,2015.0,20180928,장편,개봉,일본,드라마,일본,드라마,[{'peopleNm': '타나다 유키'}],[]
20180985,파라노말 하우스,SEVER,2018.0,20180930,장편,개봉,미국,스릴러,미국,스릴러,[{'peopleNm': '매튜 라이언 앤더슨'}],[]
20189182,스와핑 민박집,,2018.0,20180927,장편,개봉,한국,멜로/로맨스,한국,멜로/로맨스,[{'peopleNm': '박은수'}],"[{'companyCd': '20063099', 'companyNm': '(주)케이알씨지'}]"
20180606,착한 이모의 은밀한 아르바이트,,2018.0,20180927,장편,개봉,한국,멜로/로맨스,한국,멜로/로맨스,"[{'peopleNm': '강대만'}, {'peopleNm': '유승택'}]","[{'companyCd': '20154968', 'companyNm': '(주)로드하우스'}]"
20181989,너무 밝히는 사촌누나들(감독판),,2018.0,20180927,장편,개봉,한국,멜로/로맨스,한국,멜로/로맨스,[{'peopleNm': '강정훈'}],"[{'companyCd': '20112175', 'companyNm': '(주)소나무픽쳐스'}]"
20180984,앤: 영혼이 깃든 인형,ANNE,2018.0,20180923,장편,개봉,미국,공포(호러),미국,공포(호러),[{'peopleNm': '조셉 마자페로'}],[]
20180626,성인용품 사용설명서,,2018.0,20180920,장편,개봉,한국,멜로/로맨스,한국,멜로/로맨스,[{'peopleNm': '유승택'}],"[{'companyCd': '20154968', 'companyNm': '(주)로드하우스'}]"
20189982,죽음을 부르는 밤,Dead Night,2017.0,20180919,장편,개봉,미국,공포(호러),미국,공포(호러),[],[]
20181417,예쁜 처제들 2018,,2018.0,20180918,장편,개봉,한국,멜로/로맨스,한국,멜로/로맨스,[{'peopleNm': '강정훈'}],"[{'companyCd': '20112175', 'companyNm': '(주)소나무픽쳐스'}]"
20181482,내 친구엄마들 2018,,2018.0,20180918,장편,개봉,한국,멜로/로맨스,한국,멜로/로맨스,[{'peopleNm': '강정훈'}],"[{'companyCd': '20112175', 'companyNm': '(주)소나무픽쳐스'}]"
20180285,스크림: 킬링파티,SCREAM WEEK,2016.0,20180917,장편,개봉,네덜란드,"공포(호러),스릴러",네덜란드,공포(호러),[{'peopleNm': '마르틴 하이네'}],[]
20184962,휴게소,Stranger Coming,2016.0,20180914,장편,개봉,한국,공포(호러),한국,공포(호러),[{'peopleNm': '준오'}],"[{'companyCd': '20189142', 'companyNm': '밀리언달러스튜디오 '}]"
20180603,젊은엄마네하숙집,,2018.0,20180913,장편,개봉,한국,멜로/로맨스,한국,멜로/로맨스,[{'peopleNm': '김종민'}],"[{'companyCd': '20154968', 'companyNm': '(주)로드하우스'}]"
20189987,킬러의 보디가드 무삭제 특별판,The Hitman's Bodyguard,2017.0,20180912,장편,개봉,미국,"액션,코미디",미국,액션,[{'peopleNm': '패트릭 휴즈'}],[]
20185281,사춘기 여동생,,2018.0,20180912,장편,개봉,한국,멜로/로맨스,한국,멜로/로맨스,[{'peopleNm': '이상수'}],"[{'companyCd': '20161342', 'companyNm': '선셋 시네마'}]"
20078584,맞짱,Matjjang,2018.0,20180912,장편,개봉,한국,"액션,범죄",한국,액션,[{'peopleNm': '차룡'}],"[{'companyCd': '20169253', 'companyNm': '(주)차룡영화사'}]"
20181194,젊은 처형: 그녀를 탐하다(무삭제),,2018.0,20180912,장편,개봉,한국,멜로/로맨스,한국,멜로/로맨스,[{'peopleNm': '강정훈'}],"[{'companyCd': '20112175', 'companyNm': '(주)소나무픽쳐스'}]"
20181196,장모님의 개인교습,,2018.0,20180912,장편,개봉,한국,멜로/로맨스,한국,멜로/로맨스,[{'peopleNm': '강정훈'}],"[{'companyCd': '20112175', 'companyNm': '(주)소나무픽쳐스'}]"
20181195,작은 엄마들(무삭제),,2018.0,20180912,장편,개봉,한국,멜로/로맨스,한국,멜로/로맨스,[{'peopleNm': '강정훈'}],"[{'companyCd': '20112175', 'companyNm': '(주)소나무픽쳐스'}]"
20187741,빅 스코어,Purasangre,2016.0,20180911,장편,개봉,멕시코,"범죄,액션,스릴러",멕시코,범죄,[{'peopleNm': '노예 산타릴 로페즈'}],[]
20189269,갱 브라더스: 마지막 대결,ON THE ROPES,2018.0,20180910,장편,개봉,미국,액션,미국,액션,[{'peopleNm': '제임스 마크'}],[]
20185841,초대녀 - 무삭제판,,2018.0,20180908,장편,개봉,한국,멜로/로맨스,한국,멜로/로맨스,[{'peopleNm': '최우성'}],"[{'companyCd': '20169329', 'companyNm': '(주)컨텐츠 빌리지'}]"
20181063,섹스 인 더 게임 무삭제판,,2017.0,20180907,장편,개봉,한국,,한국,,[{'peopleNm': '신성진'}],"[{'companyCd': '20161342', 'companyNm': '선셋 시네마'}]"
20180602,몸으로 접대한 아내,,2018.0,20180906,장편,개봉,일본,,일본,,[{'peopleNm': '아카바 키쿠지로'}],[]
20179123,어둔 밤,Behind the Dark Night,2017.0,20180906,장편,개봉,한국,"액션,코미디",한국,액션,[{'peopleNm': '심찬양'}],"[{'companyCd': '20189161', 'companyNm': '풋메이드 픽쳐스'}]"
20189903,걸 인 더 포토그래프,THE GIRL IN THE PHOTOGRAPHS,2015.0,20180903,장편,개봉,미국,"범죄,공포(호러),스릴러",미국,범죄,[{'peopleNm': '닉 사이먼'}],[]
20189267,히어로 오브 워,On Wings of Eagles,,20180902,장편,개봉,"중국,홍콩,미국",드라마,중국,드라마,"[{'peopleNm': '세기연'}, {'peopleNm': '마이클 파커'}]",[]
20181381,추룡,Chasing the Dragon,2017.0,20180902,장편,개봉,홍콩,범죄,홍콩,범죄,[{'peopleNm': '왕정'}],[]
20189041,작전명 덩케르크,OPERATION DUNKIRK,2017.0,20180901,장편,개봉,미국,전쟁,미국,전쟁,[{'peopleNm': '닉 라이온'}],[]
20189866,나이트메어 비긴즈,Unhinged,2017.0,20180901,장편,개봉,영국,공포(호러),영국,공포(호러),[{'peopleNm': '댄 알렌'}],[]
20189286,사우스사이드 위드 유,Southside with You,2016.0,20180906,장편,개봉,미국,"드라마,멜로/로맨스",미국,드라마,[{'peopleNm': '리차드 탠'}],[]
20182204,한 지붕에서 세 남자와 즐기는 아내,"Aanata, Gomennasai-4",2016.0,20180928,장편,개봉,일본,"멜로/로맨스,드라마",일본,멜로/로맨스,[{'peopleNm': '나쿠루 하라다'}],[]
20182203,편의점 알바와의 정사,Rentarutuma-4,2017.0,20180928,장편,개봉,일본,"멜로/로맨스,드라마",일본,멜로/로맨스,[{'peopleNm': '토미죠 타로'}],[]
20181842,진주의순결상실-무삭제,,2018.0,20180928,장편,개봉,한국,멜로/로맨스,한국,멜로/로맨스,[{'peopleNm': '김다니엘'}],"[{'companyCd': '20130184', 'companyNm': '스마일컨텐츠'}]"
20181065,젊은 엄마 친구,,2018.0,20180928,장편,개봉,한국,멜로/로맨스,한국,멜로/로맨스,[{'peopleNm': '유해종'}],"[{'companyCd': '20161021', 'companyNm': '(주)영화사가을'}]"
20182202,외로운 온천 여주인:옛 연인과의 조우,Obaasannno aijyou,2017.0,20180928,장편,개봉,일본,"멜로/로맨스,드라마",일본,멜로/로맨스,[{'peopleNm': '히로아키'}],[]
20182205,옆집 남자의 물건:크고 아름다워요,"Night face-the desire of the apartment wife, what is at the end is",2017.0,20180928,장편,개봉,일본,"멜로/로맨스,드라마",일본,멜로/로맨스,[{'peopleNm': '에츠로'}],[]
